SRA	Heterozygous SNPs	Homozygous SNPs
ERR1630013
ERR1630014		10229820,73715573,886044712,
ERR1630015		10229820,886044712,73715573,
ERR1630016		886044712,73715573,
ERR1630017		73715573,
ERR1630018		886044712,73715573,
ERR1630019
ERR1630020		10229820,73715573,
ERR1630021		10229820,886044712,73715573,
ERR1630022		10229820,73715573,886044712,
ERR1630023		73715573,886044712,
ERR1630024
ERR1630025		10229820,886044712,73715573,
ERR1630026		886044712,73715573,
ERR1630027		10229820,73715573,886044712,
ERR1630028		10229820,73715573,886044712,
ERR1630029		10229820,73715573,886044712,
ERR1630030		10229820,73715573,886044712,
ERR1630031
ERR1630032		10229820,73715573,886044712,
ERR1630033
ERR1630034
ERR1630035		10229820,73715573,886044712,
ERR1630036		73715573,886044712,
ERR1630037		10229820,73715573,886044712,
ERR1630038		73715573,10229820,886044712,
ERR1630039		73715573,10229820,886044712,
ERR1630040
ERR1630041		10229820,886044712,73715573,
ERR1630042		10229820,73715573,886044712,
ERR1630043		10229820,73715573,886044712,
ERR1630044		10229820,73715573,886044712,
ERR1630045
ERR1630046		886044712,73715573,
ERR1630047		10229820,73715573,886044712,
ERR1630048		10229820,73715573,886044712,
ERR1630049
ERR1630050
ERR1630051
ERR1630052		73715573,10229820,886044712,
ERR1630053		886044712,
ERR1630054		10229820,886044712,
ERR1630055		886044712,73715573,
ERR1630056		10229820,73715573,886044712,
ERR1630057		886044712,73715573,
ERR1630058		10229820,73715573,886044712,
ERR1630059		10229820,886044712,73715573,
ERR1630060
ERR1630061
ERR1630062
ERR1630063
ERR1630064		73715573,886044712,
ERR1630065		10229820,886044712,73715573,
ERR1630066		886044712,73715573,
ERR1630067		73715573,10229820,886044712,
ERR1630068		10229820,73715573,886044712,
ERR1630069		73715573,886044712,
ERR1630070		73715573,10229820,886044712,
ERR1630071		10229820,73715573,886044712,
ERR1630072		886044712,
ERR1630073		10229820,73715573,886044712,
ERR1630074
ERR1630075		886044712,73715573,
ERR1630076
ERR1630077		886044712,73715573,
ERR1630078		886044712,
ERR1630079		10229820,886044712,73715573,
ERR1630080		10229820,886044712,73715573,
ERR1630081		10229820,73715573,886044712,
ERR1630082		10229820,73715573,886044712,
ERR1630083		73715573,886044712,
ERR1630084		886044712,
ERR1630085		10229820,73715573,886044712,
ERR1630086		73715573,10229820,886044712,
ERR1630087
ERR1630088
ERR1630089		886044712,
ERR1630090		73715573,886044712,
ERR1630091		886044712,
ERR1630092		10229820,73715573,886044712,
ERR1630093		10229820,886044712,73715573,
ERR1630094
ERR1630095
ERR1630096
ERR1630097		886044712,73715573,
ERR1630098		10229820,73715573,886044712,
ERR1630099		10229820,886044712,73715573,
ERR1630100		886044712,73715573,
ERR1630101
ERR1630102		73715573,886044712,
ERR1630103		10229820,73715573,
ERR1630104		10229820,886044712,73715573,
ERR1630105		886044712,
ERR1630106
ERR1630107
ERR1630108
ERR1630109
ERR1630110		10229820,73715573,886044712,
ERR1630111
ERR1630112		886044712,73715573,
ERR1630113		10229820,886044712,73715573,
ERR1630114		886044712,
ERR1630115
ERR1630116		73715573,886044712,10229820,
ERR1630117		10229820,886044712,73715573,
ERR1630118
ERR1630119		10229820,73715573,886044712,
ERR1630120
ERR1630121
ERR1630122		10229820,73715573,886044712,
ERR1630123
ERR1630124		10229820,73715573,886044712,
ERR1630125
ERR1630126		10229820,73715573,886044712,
ERR1630127
ERR1630128		10229820,73715573,886044712,
ERR1630129		73715573,886044712,
ERR1630130
ERR1630131
ERR1630132		73715573,10229820,886044712,
ERR1630133		73715573,10229820,886044712,
ERR1630134		886044712,73715573,
ERR1630135
ERR1630136
ERR1630137		886044712,
ERR1630138		73715573,886044712,
ERR1630139		73715573,886044712,
ERR1630140		10229820,73715573,886044712,
ERR1630141		10229820,886044712,73715573,
ERR1630142
ERR1630143
ERR1630144		886044712,73715573,
ERR1630145		10229820,886044712,73715573,
ERR1630146
ERR1630147		10229820,73715573,886044712,
ERR1630148		10229820,73715573,886044712,
ERR1630149
ERR1630150
ERR1630151		10229820,73715573,886044712,
ERR1630152
ERR1630153
ERR1630154		10229820,73715573,886044712,
ERR1630155
ERR1630156		10229820,886044712,73715573,
ERR1630157		73715573,10229820,886044712,
ERR1630158
ERR1630159		886044712,
ERR1630160		73715573,886044712,
ERR1630161		886044712,73715573,
ERR1630162		10229820,886044712,73715573,
ERR1630163
ERR1630164		886044712,73715573,
ERR1630165
ERR1630166
ERR1630167		73715573,10229820,886044712,
ERR1630168		10229820,886044712,73715573,
ERR1630169		73715573,10229820,886044712,
ERR1630170
ERR1630171
ERR1630172
ERR1630173		73715573,10229820,886044712,
ERR1630174		10229820,73715573,886044712,
ERR1630175		73715573,886044712,
ERR1630176
ERR1630177		10229820,73715573,886044712,
ERR1630178
ERR1630179		10229820,886044712,73715573,
ERR1630180		10229820,73715573,886044712,
ERR1630181
ERR1630182		10229820,73715573,886044712,
ERR1630183
ERR1630184
ERR1630185
ERR1630186		10229820,73715573,886044712,
ERR1630187		10229820,73715573,886044712,
ERR1630188	191456345,397508461,79031340,55773134,55831234,142540482,17140308,775713428,146818281,	151020603,755619078,397508821,387906371,75961395,397508601,397508197,397508151,397508516,397508691,775701644,121908773,10229820,1800073,199791061,1800074,1800079,1057516232,1800104,113993958,79660178,397508169,397508167,397508165,397508421,121908744,150020260,672601317,397508801,397508611,397508751,397508186,150914702,151073129,201686600,138338446,397508371,121908798,73715573,121908791,397508162,367850319,121908754,397508715,397508712,758147990,76727851,397508152,1060504846,397508150,397508781,121908751,121908752,121908753,143486492,201885470,146463120,141723617,148519623,397508741,1800084,1800085,144476686,1039221071,150691494,121908768,397508561,121909045,113857788,397508176,77834169,397508819,397508812,397508813,397508817,397508814,387906361,397508144,1057516970,397508141,397508146,397508147,397508143,180783619,142920240,397508135,397508137,397508217,201958172,397508718,369326781,886061953,397508710,1060503163,1800501,397508671,149353983,148878126,121908804,397508178,397508174,397508171,397508173,397508172,121908801,886044712,397508391,121908772,121908770,121908771,121908774,
ERR1630189
ERR1630190		10229820,886044712,73715573,
ERR1630191		10229820,73715573,886044712,
ERR1630192
ERR1630193		886044712,73715573,
ERR1630194
ERR1630195		10229820,886044712,73715573,
ERR1630196		10229820,73715573,886044712,
ERR1630197	191456345,55831234,	10229820,886044712,73715573,
ERR1630198		10229820,73715573,886044712,
ERR1630199		10229820,73715573,886044712,
ERR1630200
ERR1630201		73715573,10229820,886044712,
ERR1630202
ERR1630203
ERR1630204		10229820,73715573,886044712,
ERR1630205		10229820,73715573,886044712,
ERR1630206
ERR1630207		10229820,73715573,886044712,
ERR1630208
ERR1630209		886044712,73715573,
ERR1630210		10229820,73715573,886044712,
ERR1630211
ERR1630212		10229820,73715573,886044712,
ERR1630213
ERR1630214		10229820,73715573,886044712,
ERR1630215		10229820,73715573,886044712,
ERR1630216		886044712,
ERR1630217		10229820,73715573,886044712,
ERR1630218		73715573,886044712,
ERR1630219
ERR1630220
ERR1630221		10229820,73715573,886044712,
ERR1630222		886044712,73715573,
ERR1630223		73715573,10229820,886044712,
ERR1630224
ERR1630225		10229820,886044712,73715573,
ERR1630226
ERR1630227		10229820,73715573,886044712,
ERR1630228
ERR1630229		10229820,73715573,886044712,
ERR1630230
ERR1630231
ERR1630232		10229820,73715573,886044712,
ERR1630233		10229820,73715573,886044712,
ERR1630234		10229820,73715573,886044712,
ERR1630235		10229820,886044712,73715573,
ERR1630236		10229820,886044712,73715573,
ERR1630237
ERR1630238		10229820,73715573,886044712,
ERR1630239		73715573,10229820,886044712,
ERR1630240		73715573,10229820,886044712,
ERR1630241		10229820,73715573,886044712,
ERR1630242		73715573,886044712,
ERR1630243
ERR1630244
ERR1630245
ERR1630246
ERR1630247
ERR1630248		886044712,
ERR1630249
ERR1630250
ERR1630251	886044712,
ERR1630252		10229820,886044712,73715573,
ERR1630253		886044712,
ERR1630254		886044712,
ERR1630255
ERR1630256
ERR1630257
ERR1630258		10229820,73715573,886044712,
ERR1630259
ERR1630260
ERR1630261		10229820,73715573,886044712,
ERR1630262
ERR1630263		10229820,73715573,
ERR1630264	191456345,397508461,55773134,17140308,397508716,1060503163,146818281,	151020603,387906371,75961395,397508601,397508516,397508691,775701644,10229820,1800073,1800079,370181570,113993958,138338446,397508169,397508165,121908811,150020260,672601317,75541969,397508801,397508618,397508611,397508751,150914702,55831234,201686600,73715573,121909045,397508718,397508715,1800112,397508712,758147990,76727851,397508152,397508781,121908752,121908753,143486492,201885470,146463120,121908804,1800085,144476686,1039221071,1057516457,397508561,77834169,397508819,397508813,397508817,397508814,146947665,387906361,397508144,1057516970,397508141,397508143,150212784,180783619,142920240,1057516415,200321110,397508135,397508137,397508217,201958172,397508451,369326781,886061953,886061954,886061955,397508710,1800501,397508671,149353983,148878126,121908772,193922511,193922513,397508173,397508172,201759207,121908801,146804928,886044712,
ERR1630265		10229820,73715573,886044712,
ERR1630266		10229820,73715573,886044712,
ERR1630267		886044712,73715573,
ERR1630268		10229820,73715573,886044712,
ERR1630269
ERR1630270		10229820,73715573,886044712,
ERR1630271		73715573,10229820,886044712,
ERR1630272
ERR1630273		73715573,10229820,886044712,
ERR1630274		73715573,10229820,886044712,
ERR1630275
ERR1630276		73715573,10229820,886044712,
ERR1630277
ERR1630278		886044712,73715573,
ERR1630279		10229820,73715573,886044712,
ERR1630280		10229820,73715573,886044712,
ERR1630281
ERR1630282		10229820,886044712,73715573,
ERR1630283		10229820,73715573,886044712,
ERR1630284		10229820,73715573,886044712,
ERR1630285		10229820,73715573,886044712,
ERR1630286	191456345,1060503163,	397508814,397508141,121908753,143486492,142920240,397508137,10229820,1800085,1039221071,76727851,73715573,1800079,397508801,886044712,121908804,
ERR1630287
ERR1630288	191456345,55773134,886061954,55831234,1060503163,146818281,17140308,	150020260,397508814,397508781,397508141,397508143,121908753,143486492,397508531,387906371,180783619,142920240,75961395,397508801,397508135,397508137,146463120,397508591,397508217,397508691,886061953,886044712,1039221071,1800079,76727851,1800501,73715573,121908768,397508561,10229820,397508169,397508165,121908804,
ERR1630289		10229820,73715573,886044712,
ERR1630290		10229820,73715573,886044712,
ERR1630291		73715573,10229820,886044712,
ERR1630292		10229820,886044712,73715573,
ERR1630293		10229820,73715573,886044712,
ERR1630294		73715573,886044712,
ERR1630295		10229820,73715573,886044712,
ERR1630296
ERR1630297		73715573,10229820,886044712,
ERR1630298		73715573,10229820,886044712,
ERR1630299
ERR1630300		886044712,73715573,
ERR1630301		10229820,886044712,73715573,
ERR1630302		10229820,73715573,886044712,
ERR1630303		10229820,73715573,886044712,
ERR1630304		145743767,
ERR1630305		886044712,73715573,
ERR1630306
ERR1630307		1057516970,397508451,10229820,886044712,73715573,
ERR1630308
ERR1630309	191456345,886061954,55831234,146818281,775713428,17140308,	397508781,55773134,397508141,397508143,121908752,121908753,143486492,387906371,369326781,180783619,150494700,397508135,397508137,146463120,1042180,397508611,397508751,397508516,775701644,886061953,10229820,397508801,150914702,148519623,397508217,1800085,886061955,886044712,144476686,1800073,1039221071,1800079,76727851,1060503163,1800501,397508671,149353983,73715573,758147990,121908772,397508174,397508821,397508715,397508710,397508712,138338446,397508169,397508165,121908804,121909045,121908801,
ERR1630310		886044712,
ERR1630311		10229820,73715573,886044712,
ERR1630312		73715573,10229820,886044712,
ERR1630313
ERR1630314		10229820,73715573,886044712,
ERR1630315
ERR1630316		73715573,10229820,886044712,
ERR1630317		886044712,
ERR1630318		73715573,10229820,886044712,
ERR1630319		73715573,10229820,886044712,
ERR1630320		10229820,73715573,886044712,
ERR1630321		73715573,10229820,886044712,
ERR1630322		73715573,886044712,
ERR1630323		10229820,73715573,886044712,
ERR1630324
ERR1630325		886044712,
ERR1630326	191456345,775713428,	397508141,121908752,121908753,387906371,397508751,10229820,397508741,1039221071,1800079,143486492,1060503163,397508671,73715573,886044712,397508712,138338446,121908804,
ERR1630327		397508179,10229820,73715573,886044712,
ERR1630328	191456345,1800076,79031340,55773134,775713428,	755619078,397508821,387906371,75961395,397508152,397508516,397508691,775701644,10229820,1800073,1800079,113993958,79660178,138338446,397508169,397508165,397508751,73715573,397508715,397508710,397508712,758147990,76727851,397508781,121908752,121908753,143486492,201885470,146463120,121908804,1800085,1039221071,121908801,121908768,121909045,121909044,397508813,397508817,397508814,387906361,397508144,397508141,397508143,142920240,397508137,397508217,397508801,369326781,1060503163,1800501,397508671,149353983,121908772,121908773,397508173,146818281,886044712,
ERR1630329		10229820,73715573,886044712,
ERR1630330	191456345,397508461,1800076,55773134,55831234,213950,148173473,775713428,17140308,397508716,886061954,1060503163,146818281,	151020603,397508821,387906371,75961395,397508194,397508151,121908772,397508516,397508691,775701644,10229820,1800073,1800074,1800079,79282516,1057516232,113993958,79660178,138338446,397508169,397508167,193922500,397508165,397508421,121908744,672601317,121909025,150914702,121908754,397508611,397508751,397508181,397508186,142540482,397508371,121908798,73715573,121908790,121908791,397508162,367850319,397508801,397508714,397508710,397508712,758147990,76727851,397508152,1060504846,397508150,397508781,121908750,121908751,121908752,121908753,143486492,201885470,146463120,141723617,148519623,397508741,1800084,1800085,144476686,1039221071,121908801,150691494,121908768,121909045,121909044,113857788,77834169,397508819,397508812,397508813,397508817,397508814,397508701,387906361,397508146,1057516970,397508144,397508147,397508141,397508143,180783619,142920240,397508135,397508137,397508217,201958172,397508718,397508715,369326781,886061953,1800501,397508671,149353983,121908780,148878126,193922519,121908804,121908773,193922511,397508174,397508176,397508171,397508173,397508172,201759207,886044712,121908770,121908771,121908776,
ERR1630331	371815480,	10229820,886061953,73715573,886044712,
ERR1630332		10229820,73715573,886044712,
ERR1630333		10229820,73715573,886044712,
ERR1630334		10229820,73715573,886044712,
ERR1630335		73715573,10229820,886044712,
ERR1630336	191456345,1800136,55773134,397508461,397508716,146818281,17140308,	76727851,397508817,397508814,146947665,397508781,1057516970,397508144,397508141,397508143,121908752,121908753,143486492,180783619,142920240,397508601,758147990,397508135,397508137,397508591,397508751,397508691,10229820,397508801,150914702,397508217,886061953,397508710,1800073,55831234,1800076,201686600,1060503163,1800501,138338446,148878126,73715573,121908801,1057516457,121908770,397508561,397508715,886044712,397508712,75541969,397508165,121908804,121909045,113857788,
ERR1630337
ERR1630338		73715573,10229820,886044712,
ERR1630339
ERR1630340		10229820,73715573,886044712,
ERR1630341
ERR1630342		10229820,886044712,73715573,
ERR1630343
ERR1630344
ERR1630345		10229820,886044712,73715573,
ERR1630346		886044712,
ERR1630347
ERR1630348		10229820,73715573,886044712,
ERR1630349		73715573,886044712,
ERR1630350		10229820,73715573,886044712,
ERR1630351		73715573,886044712,
ERR1630352
ERR1630353
ERR1630354		73715573,10229820,886044712,
ERR1630355		10229820,886044712,73715573,
ERR1630356		10229820,73715573,886044712,
ERR1630357		73715573,10229820,886044712,
ERR1630358		73715573,886044712,
ERR1630359		10229820,73715573,886044712,
ERR1630360		10229820,73715573,886044712,
ERR1630361
ERR1630362		10229820,73715573,886044712,
ERR1630363		10229820,73715573,886044712,
ERR1630364
ERR1630365
ERR1630366		10229820,73715573,886044712,
ERR1630367		10229820,73715573,886044712,
ERR1630368		10229820,73715573,886044712,
ERR1630369		886044712,73715573,
ERR1630370		10229820,73715573,886044712,
ERR1630371		10229820,886044712,73715573,
ERR1630372		10229820,73715573,886044712,
ERR1630373		10229820,73715573,886044712,
ERR1630374		73715573,10229820,886044712,
ERR1630375		10229820,886044712,73715573,
ERR1630376	191456345,55773134,1800076,	151020603,201958172,397508817,397508814,397508152,397508781,1057516970,397508141,397508143,121908752,121908753,143486492,387906371,148519623,76727851,142920240,397508813,397508137,146463120,397508751,775701644,397508801,369326781,113993958,121908770,397508217,397508710,1039221071,1800079,1800501,397508671,1057516232,121908804,397508174,397508173,397508715,79660178,886044712,397508712,138338446,397508169,397508165,758147990,121909045,121908801,
ERR1630377
ERR1630378		886044712,
ERR1630379		10229820,73715573,886044712,
ERR1630380		10229820,73715573,886044712,
ERR1630381		10229820,73715573,886044712,
ERR1630382		10229820,73715573,886044712,
ERR1630383
ERR1630384		10229820,73715573,886044712,
ERR1630385		10229820,73715573,886044712,
ERR1630386		1057516970,150494700,10229820,55831234,73715573,121908804,886044712,
ERR1630387
ERR1630388		10229820,886044712,73715573,
ERR1630389
ERR1630390		886044712,73715573,
ERR1630391		73715573,10229820,886044712,
ERR1630392		886044712,73715573,
ERR1630393		73715573,886044712,
ERR1630394		73715573,10229820,886044712,
ERR1630395		10229820,73715573,886044712,
ERR1630396		886044712,
ERR1630397		73715573,886044712,
ERR1630398		73715573,886044712,
ERR1630399		73715573,10229820,886044712,
ERR1630400		73715573,10229820,886044712,
ERR1630401		10229820,886044712,73715573,
ERR1630402		73715573,10229820,886044712,
ERR1630403		73715573,886044712,
ERR1630404		10229820,73715573,886044712,
ERR1630405		73715573,10229820,886044712,
ERR1630406		10229820,886044712,73715573,
ERR1630407		73715573,886044712,
ERR1630408		73715573,10229820,886044712,
ERR1630409		10229820,73715573,886044712,
ERR1630410		73715573,10229820,886044712,
ERR1630411		73715573,886044712,10229820,
ERR1630412		886044712,
ERR1630413
ERR1630414		10229820,886044712,73715573,
ERR1630415	191456345,1800136,79031340,55831234,4148725,775713428,17140308,886061954,1060503163,146818281,	372227120,387906371,75961395,397508601,397508516,397508691,775701644,10229820,121909010,121908783,1800079,79660178,138338446,397508169,397508165,55773134,150914702,397508751,73715573,397508718,397508801,397508712,758147990,76727851,397508152,397508781,121908752,121908753,143486492,146463120,121908804,1800085,1039221071,148783445,1057516457,397508561,121909045,113857788,373172017,397508813,397508814,397508701,146947665,387906361,397508144,1057516970,397508141,397508143,193922528,180783619,142920240,397508135,397508137,397508217,1057516527,886061953,397508710,1800501,397508671,148878126,121908801,886044712,
ERR1630416
ERR1630417		10229820,73715573,886044712,
ERR1630418
ERR1630419
ERR1630420		10229820,886044712,73715573,
ERR1630421	191456345,	10229820,397508141,121908752,387906371,121908753,397508751,397508217,397508710,76727851,1060503163,1800501,73715573,886044712,121908804,121908801,
ERR1630422		10229820,73715573,886044712,
ERR1630423	191456345,55773134,213950,371815480,886061954,1800076,79031340,1060503163,397508461,10234329,775713428,121909046,150691494,17140308,	77834169,397508819,151020603,201958172,397508813,397508817,397508814,397508152,1060504846,397508150,755619078,397508421,121908744,397508821,397508781,387906361,672601317,397508144,397508146,397508141,397508143,121908750,121908751,121908752,121908753,143486492,121909025,387906371,369326781,180783619,142920240,201885470,75961395,397508135,397508137,146463120,397508741,141723617,397508751,121908773,397508516,775701644,1800084,886061953,397508801,148519623,113993958,397508217,1800085,143218779,144476686,121908780,1800073,55831234,1039221071,1800074,1800079,76727851,1800501,367850319,397508671,149353983,142540482,1057516232,73715573,121909045,193922519,121908804,397508174,886044712,397508173,397508172,121908771,121908768,397508718,397508715,79660178,397508710,397508712,138338446,397508169,193922500,397508165,397508162,758147990,121908772,121908770,121909044,121908801,
ERR1630424		10229820,886044712,73715573,
ERR1630425		10229820,73715573,886044712,
ERR1630426		886044712,
ERR1630427		73715573,886044712,
ERR1630428
ERR1630429		10229820,73715573,886044712,
ERR1630430
ERR1630431		73715573,10229820,886044712,
ERR1630432		73715573,886044712,
ERR1630433
ERR1630434
ERR1630435		73715573,10229820,886044712,
ERR1630436		10229820,73715573,886044712,
ERR1630437		10229820,886044712,73715573,
ERR1630438		73715573,886044712,
ERR1630439		121908753,180783619,10229820,886044712,1800501,73715573,397508712,
ERR1630440
ERR1630441
ERR1630442		73715573,886044712,
ERR1630443
ERR1630444		73715573,886044712,
ERR1630445		886044712,73715573,
ERR1630446		10229820,73715573,886044712,
ERR1630447
ERR1630448		10229820,73715573,886044712,
ERR1630449		10229820,73715573,886044712,
ERR1630450		10229820,886044712,73715573,
ERR1630451		73715573,10229820,886044712,
ERR1630452		73715573,10229820,886044712,
ERR1630453
ERR1630454
ERR1630455		886044712,
ERR1630456
ERR1630457		886044712,
ERR1630458		73715573,10229820,886044712,
ERR1630459
ERR1630460
ERR1630461
ERR1630462		10229820,73715573,886044712,
ERR1630463
ERR1630464		10229820,73715573,886044712,
ERR1630465		73715573,10229820,886044712,
ERR1630466
ERR1630467		73715573,10229820,886044712,
ERR1630468
ERR1630469		10229820,73715573,886044712,
ERR1630470		10229820,73715573,886044712,
ERR1630471		10229820,886044712,73715573,
ERR1630472
ERR1630473		73715573,10229820,886044712,
ERR1630474
ERR1630475
ERR1630476		886044712,73715573,
ERR1630477		73715573,10229820,886044712,
ERR1630478
ERR1630479		10229820,886044712,73715573,
ERR1630480		10229820,886044712,73715573,
ERR1630481		10229820,73715573,886044712,
ERR1630482
ERR1630483		10229820,73715573,886044712,
ERR1630484
ERR1630485
ERR1630486		73715573,10229820,886044712,
ERR1630487		10229820,886044712,73715573,
ERR1630488		73715573,10229820,886044712,
ERR1630489		73715573,886044712,
ERR1630490		886044712,73715573,
ERR1630491		73715573,886044712,
ERR1630492		73715573,886044712,
ERR1630493		10229820,73715573,886044712,
ERR1630494		10229820,73715573,886044712,
ERR1630495		886044712,73715573,
ERR1630496
ERR1630497
ERR1630498		10229820,73715573,886044712,
ERR1630499		10229820,886044712,73715573,
ERR1630500
ERR1630501		886044712,
ERR1630502		73715573,886044712,
ERR1630503		10229820,73715573,886044712,
ERR1630504		10229820,73715573,886044712,
ERR1630505		10229820,73715573,886044712,
ERR1630506		886044712,73715573,
ERR1630507	146818281,	397508135,10229820,886061953,886044712,55831234,1800501,73715573,
ERR1630508
ERR1630509		886044712,73715573,
ERR1630510		886044712,
ERR1630511		73715573,886044712,
ERR1630512		73715573,10229820,886044712,
ERR1630513
ERR1630514		10229820,73715573,886044712,
ERR1630515		73715573,10229820,886044712,
ERR1630516		10229820,73715573,886044712,
ERR1630517		10229820,73715573,886044712,
ERR1630518		10229820,73715573,886044712,
ERR1630519		886044712,73715573,
ERR1630520
ERR1630521		10229820,73715573,886044712,
ERR1630522		10229820,73715573,886044712,
ERR1630523		10229820,73715573,886044712,
ERR1630524
ERR1630525		10229820,886044712,73715573,
ERR1630526
ERR1630527		886044712,73715573,
ERR1630528
ERR1630529
ERR1630530
ERR1630531		73715573,886044712,
ERR1630532		73715573,886044712,
ERR1630533
ERR1630534
ERR1630535		886044712,
ERR1630536		73715573,10229820,886044712,
ERR1630537		10229820,73715573,886044712,
ERR1630538
ERR1630539		886044712,
ERR1630540		886044712,
ERR1630541		10229820,73715573,886044712,
ERR1630542		10229820,73715573,886044712,
ERR1630543		10229820,73715573,886044712,
ERR1630544		10229820,73715573,886044712,
ERR1630545
ERR1630546		10229820,73715573,886044712,
ERR1630547
ERR1630548		10229820,73715573,886044712,
ERR1630549		10229820,73715573,886044712,
ERR1630550		886044712,73715573,
ERR1630551
ERR1630552		10229820,73715573,886044712,
ERR1630553		10229820,73715573,886044712,
ERR1630554		10229820,73715573,886044712,
ERR1630555		10229820,73715573,886044712,
ERR1630556		10229820,886044712,73715573,
ERR1630557		886044712,
ERR1630558		886044712,
ERR1630559		10229820,886044712,73715573,
ERR1630560
ERR1630561
ERR1630562		73715573,10229820,886044712,
ERR1630563		73715573,10229820,886044712,
ERR1630564		10229820,886044712,73715573,
ERR1630565
ERR1630566		10229820,73715573,886044712,
ERR1630567		10229820,73715573,886044712,
ERR1630568
ERR1630569		10229820,73715573,886044712,
ERR1630570		73715573,10229820,886044712,
ERR1630571
ERR1630572
ERR1630573
ERR1630574
ERR1630575
ERR1630576
ERR1630577
ERR1630578
ERR1630579
ERR1630580
ERR1630581
ERR1630582
ERR1630583
ERR1630584
ERR1630585
ERR1630586
ERR1630587
ERR1630588
ERR1630589
ERR1630590
ERR1630591
ERR1630592
ERR1630593
ERR1630594
ERR1630595
ERR1630596
ERR1630597
ERR1630598
ERR1630599
ERR1630600
ERR1630601
ERR1630602
ERR1630603
ERR1630604
ERR1630605
ERR1630606
ERR1630607
ERR1630608
ERR1630609
ERR1630610
ERR1630611
ERR1630612
ERR1630613
ERR1630614
ERR1630615
ERR1630616
ERR1630617
ERR1630618
ERR1630619
ERR1630620
ERR1630621
ERR1630622
ERR1630623
ERR1630624
ERR1630625
ERR1630626
ERR1630627
ERR1630628
ERR1630629
ERR1630630
ERR1630631
ERR1630632
ERR1630633
ERR1630634
ERR1630635
ERR1630636
ERR1630637
ERR1630638
ERR1630639
ERR1630640
ERR1630641
ERR1630642
ERR1630643
ERR1630644
ERR1630645
ERR1630646
ERR1630647
ERR1630648
ERR1630649
ERR1630650
ERR1630651
ERR1630652
ERR1630653
ERR1630654
ERR1630655
ERR1630656
ERR1630657
ERR1630658
ERR1630659
ERR1630660
ERR1630661
ERR1630662
ERR1630663
ERR1630664
ERR1630665
ERR1630666
ERR1630667
ERR1630668
ERR1630669
ERR1630670
ERR1630671
ERR1630672
ERR1630673
ERR1630674
ERR1630675
ERR1630676
ERR1630677
ERR1630678
ERR1630679
ERR1630680
ERR1630681
ERR1630682
ERR1630683
ERR1630684
ERR1630685
ERR1630686
ERR1630687
ERR1630688
ERR1630689
ERR1630690
ERR1630691
ERR1630692
ERR1630693
ERR1630694
ERR1630695
ERR1630696
ERR1630697
ERR1630698
ERR1630699
ERR1630700
ERR1630701
ERR1630702
ERR1630703
ERR1630704
ERR1630705
ERR1630706
ERR1630707
ERR1630708
ERR1630709
ERR1630710
ERR1630711
ERR1630712
ERR1630713
ERR1630714
ERR1630715
ERR1630716
ERR1630717
ERR1630718
ERR1630719
ERR1630720
ERR1630721
ERR1630722
ERR1630723
ERR1630724
ERR1630725
ERR1630726
ERR1630727
ERR1630728
ERR1630729
ERR1630730
ERR1630731
ERR1630732
ERR1630733
ERR1630734
ERR1630735
ERR1630736
ERR1630737
ERR1630738
ERR1630739
ERR1630740
ERR1630741
ERR1630742
ERR1630743
ERR1630744
ERR1630745
ERR1630746
ERR1630747
ERR1630748
ERR1630749
ERR1630750
ERR1630751
ERR1630752
ERR1630753
ERR1630754
ERR1630755
ERR1630756
ERR1630757
ERR1630758
ERR1630759
ERR1630760
ERR1630761
ERR1630762
ERR1630763
ERR1630764
ERR1630765
ERR1630766
ERR1630767
ERR1630768
ERR1630769
ERR1630770
ERR1630771
ERR1630772
ERR1630773
ERR1630774
ERR1630775
ERR1630776
ERR1630777
ERR1630778
ERR1630779
ERR1630780
ERR1630781
ERR1630782
ERR1630783
ERR1630784
ERR1630785
ERR1630786
ERR1630787
ERR1630788
ERR1630789
ERR1630790
ERR1630791
ERR1630792
ERR1630793
ERR1630794
ERR1630795
ERR1630796
ERR1630797
ERR1630798
ERR1630799
ERR1630800
ERR1630801
ERR1630802
ERR1630803
ERR1630804
ERR1630805
ERR1630806
ERR1630807
ERR1630808
ERR1630809
ERR1630810
ERR1630811		10229820,73715573,886044712,
ERR1630812		10229820,73715573,886044712,
ERR1630813		121908752,10229820,397508217,886044712,1800501,73715573,
ERR1630814		10229820,73715573,886044712,
ERR1630815		10229820,73715573,886044712,
ERR1630816		10229820,73715573,886044712,
ERR1630817		10229820,73715573,886044712,
ERR1630818
ERR1630819
ERR1630820		73715573,886044712,
ERR1630821
ERR1630822		10229820,73715573,121908790,886044712,
ERR1630823		10229820,73715573,886044712,
ERR1630824		73715573,10229820,886044712,
ERR1630825		10229820,73715573,886044712,
ERR1630826
ERR1630827
ERR1630828		10229820,73715573,886044712,
ERR1630829		10229820,73715573,886044712,
ERR1630830		73715573,10229820,886044712,
ERR1630831		10229820,73715573,886044712,
ERR1630832		73715573,10229820,886044712,
ERR1630833		10229820,73715573,886044712,
ERR1630834		10229820,73715573,886044712,
ERR1630835		886044712,73715573,
ERR1630836		10229820,73715573,886044712,
ERR1630837		73715573,10229820,886044712,
ERR1630838		10229820,886044712,73715573,
ERR1630839		10229820,886044712,73715573,
ERR1630840
ERR1630841		10229820,73715573,886044712,
ERR1630842		886044712,
ERR1630843		73715573,10229820,886044712,
ERR1630844
ERR1630845		73715573,10229820,886044712,
ERR1630846
ERR1630847
ERR1630848
ERR1630849		886044712,
ERR1630850
ERR1630851
ERR1630852
ERR1630853
ERR1630854		886044712,
ERR1630855		886044712,73715573,
ERR1630856
ERR1630857		10229820,73715573,886044712,
ERR1630858		73715573,886044712,
ERR1630859		73715573,886044712,
ERR1630860
ERR1630861		886044712,
ERR1630862		886044712,
ERR1630863		73715573,886044712,
ERR1630864
ERR1630865
ERR1630866
ERR1630867		73715573,886044712,
ERR1630868		886044712,73715573,
ERR1630869		886044712,73715573,
ERR1630870		886044712,73715573,
ERR1630871
ERR1630872		886044712,73715573,
ERR1630873	191456345,	121908753,143486492,387906371,75961395,397508751,1800079,1800501,73715573,397508561,886044712,397508165,
ERR1630874		73715573,886044712,
ERR1630875		73715573,886044712,
ERR1630876
ERR1630877		10229820,886044712,73715573,
ERR1630878
ERR1630879		73715573,10229820,886044712,
ERR1630880		73715573,886044712,
ERR1630881		73715573,886044712,
ERR1630882		10229820,73715573,886044712,
ERR1630883		886044712,73715573,
ERR1630884		886044712,73715573,
ERR1630885		10229820,73715573,886044712,
ERR1630886		886044712,73715573,
ERR1630887
ERR1630888		886044712,73715573,
ERR1630889		73715573,886044712,
ERR1630890		10229820,886044712,73715573,
ERR1630891		10229820,886044712,73715573,
ERR1630892
ERR1630893		10229820,
ERR1630894		886044712,73715573,
ERR1630895
ERR1630896		73715573,10229820,886044712,
ERR1630897		10229820,886044712,73715573,
ERR1630898
ERR1630899		10229820,73715573,886044712,
ERR1630900		73715573,10229820,886044712,
ERR1630901
ERR1630902
ERR1630903		73715573,886044712,
ERR1630904
ERR1630905
ERR1630906		10229820,886044712,73715573,
ERR1630907		10229820,886044712,73715573,
ERR1630908
ERR1630909
ERR1630910
ERR1630911		886044712,
ERR1630912
ERR1630913
ERR1630914
ERR1630915
ERR1630916
ERR1630917
ERR1630918
ERR1630919		73715573,10229820,886044712,
ERR1630920		10229820,886044712,73715573,
ERR1630921		10229820,73715573,886044712,
ERR1630922		886044712,73715573,
ERR1630923		10229820,73715573,886044712,
ERR1630924		886044712,73715573,
ERR1630925		886044712,73715573,
ERR1630926
ERR1630927		10229820,886044712,73715573,
ERR1630928
ERR1630929		73715573,886044712,
ERR1630930		73715573,886044712,
ERR1630931		10229820,886044712,73715573,
ERR1630932		73715573,886044712,
ERR1630933
ERR1630934		886044712,73715573,
ERR1630935		10229820,73715573,886044712,
ERR1630936		73715573,886044712,
ERR1630937		73715573,10229820,886044712,
ERR1630938
ERR1630939		10229820,73715573,886044712,
ERR1630940
ERR1630941		10229820,886044712,73715573,
ERR1630942		886044712,
ERR1630943		886044712,
ERR1630944
ERR1630945		10229820,886044712,73715573,
ERR1630946
ERR1630947		886044712,73715573,
ERR1630948
ERR1630949		10229820,73715573,886044712,
ERR1630950
ERR1630951		73715573,886044712,10229820,
ERR1630952
ERR1630953		886044712,
ERR1630954
ERR1630955		886044712,
ERR1630956		10229820,886044712,73715573,
ERR1630957
ERR1630958
ERR1630959
ERR1630960		886044712,
ERR1630961
ERR1630962
ERR1630963		73715573,10229820,886044712,
ERR1630964		73715573,886044712,
ERR1630965		73715573,10229820,886044712,
ERR1630966		886044712,
ERR1630967		10229820,886044712,73715573,
ERR1630968
ERR1630969		10229820,73715573,886044712,
ERR1630970		886044712,
ERR1630971		10229820,886044712,73715573,
ERR1630972		886044712,
ERR1630973		10229820,886044712,73715573,
ERR1630974		73715573,10229820,886044712,
ERR1630975		10229820,886044712,73715573,
ERR1630976		73715573,10229820,886044712,
ERR1630977
ERR1630978
ERR1630979		886044712,73715573,
ERR1630980		10229820,886044712,73715573,
ERR1630981		10229820,886044712,73715573,
ERR1630982		73715573,10229820,886044712,
ERR1630983		10229820,886044712,73715573,
ERR1630984		10229820,886044712,73715573,
ERR1630985
ERR1630986	191456345,146818281,	75961395,775701644,1800079,138338446,397508169,397508165,397508751,73715573,397508152,121908753,1039221071,397508561,387906361,397508217,121908804,886044712,
ERR1630987		73715573,10229820,886044712,
ERR1630988
ERR1630989		10229820,886044712,73715573,
ERR1630990	191456345,146818281,	397508421,397508141,387906371,180783619,75961395,397508137,397508751,10229820,397508801,397508217,886044712,55831234,1800076,1800079,397508671,73715573,121908791,397508165,121908804,
ERR1630991		886044712,
ERR1630992		10229820,886044712,73715573,
ERR1630993
ERR1630994		73715573,886044712,
ERR1630995		73715573,886044712,
ERR1630996
ERR1630997		73715573,886044712,
ERR1630998		73715573,886044712,
ERR1630999		73715573,10229820,886044712,
ERR1631000		10229820,886044712,73715573,
ERR1631001		10229820,886044712,73715573,
ERR1631002		10229820,886044712,73715573,
ERR1631003
ERR1631004		10229820,886044712,
ERR1631005		73715573,886044712,
ERR1631006		886044712,73715573,
ERR1631007
ERR1631008		886044712,
ERR1631009
ERR1631010		10229820,886044712,73715573,
ERR1631011		886044712,
ERR1631012		73715573,886044712,
ERR1631013		73715573,886044712,
ERR1631014		10229820,886044712,73715573,
ERR1631015		73715573,886044712,
ERR1631016
ERR1631017		10229820,73715573,886044712,
ERR1631018
ERR1631019	371815480,	10229820,886044712,73715573,
ERR1631020		73715573,10229820,886044712,
ERR1631021		73715573,10229820,886044712,
ERR1631022
ERR1631023
ERR1631024
ERR1631025
ERR1631026
ERR1631027
ERR1631028
ERR1631029
ERR1631030
ERR1631031
ERR1631032
ERR1631033
ERR1631034
ERR1631035
ERR1631036
ERR1631037
ERR1631038
ERR1631039
ERR1631040
ERR1631041
ERR1631042
ERR1631043
ERR1631044
ERR1631045
ERR1631046
ERR1631047
ERR1631048
ERR1631049
ERR1631050
ERR1631051
ERR1631052		10229820,73715573,886044712,
ERR1631053		886044712,73715573,
ERR1631054
ERR1631055
ERR1631056
ERR1631057
ERR1631058		10229820,73715573,886044712,
ERR1631059
ERR1631060
ERR1631061	371815480,146818281,	10229820,55831234,180783619,73715573,886044712,
ERR1631062
ERR1631063		10229820,886044712,
ERR1631064		10229820,55831234,886044712,73715573,
ERR1631065
ERR1631066		886044712,
ERR1631067
ERR1631068		10229820,886044712,73715573,
ERR1631069		73715573,10229820,886044712,
ERR1631070		73715573,886044712,
ERR1631071
ERR1631072		73715573,10229820,886044712,
ERR1631073
ERR1631074		73715573,10229820,886044712,
ERR1631075		73715573,10229820,886044712,
ERR1631076		73715573,10229820,886044712,
ERR1631077		73715573,886044712,
ERR1631078		10229820,886044712,73715573,
ERR1631079	191456345,397508461,79031340,	397508817,397508814,672601317,397508141,397508143,121908753,143486492,387906371,75961395,121908804,397508137,397508741,397508751,397508516,148519623,397508217,1800084,1800085,886044712,144476686,55831234,1039221071,1800079,76727851,1060503163,397508671,73715573,121908768,397508718,397508169,397508165,121908770,397508801,121908801,
ERR1631080		10229820,73715573,886044712,
ERR1631081		886044712,
ERR1631082		10229820,886044712,73715573,
ERR1631083		886044712,73715573,
ERR1631084
ERR1631085
ERR1631086
ERR1631087
ERR1631088
ERR1631089
ERR1631090
ERR1631091
ERR1631092
ERR1631093
ERR1631094		886044712,73715573,
ERR1631095
ERR1631096		10229820,886044712,73715573,
ERR1631097
ERR1631098		73715573,886044712,
ERR1631099		10229820,886044712,73715573,
ERR1631100
ERR1631101
ERR1631102
ERR1631103
ERR1631104
ERR1631105
ERR1631106
ERR1631107
ERR1631108
ERR1631109
ERR1631110
ERR1631111
ERR1631112		73715573,886044712,
ERR1631113		10229820,886044712,73715573,
ERR1631114
ERR1631115	191456345,397508461,	180783619,75961395,397508751,121908804,10229820,55831234,1800079,73715573,886044712,121908770,
ERR1631116		10229820,886044712,
ERR1631117
ERR1631118
ERR1631119
ERR1631120
ERR1631121
ERR1631122
ERR1631123
ERR1631124
ERR1631125
ERR1631126
ERR1631127
ERR1631128
ERR1631129
ERR1631130
ERR1631131
ERR1631132
ERR1631133
ERR1631134
ERR1631135
ERR1631136
ERR1631137
ERR1631138
ERR1631139
ERR1631140
ERR1631141
ERR1631142		10229820,73715573,886044712,
ERR1631143
ERR1631144		73715573,10229820,886044712,
ERR1631145		886044712,73715573,
ERR1631146
ERR1631147
ERR1631148		10229820,886044712,73715573,
ERR1631149		886044712,73715573,
ERR1631150		886044712,
ERR1631151
ERR1631152
ERR1631153
ERR1631154
ERR1631155
ERR1631156
ERR1631157
ERR1631158
ERR1631159		10229820,886044712,73715573,
ERR1631160		886044712,73715573,
ERR1631161
ERR1631162		73715573,10229820,886044712,
ERR1631163		10229820,73715573,886044712,
ERR1631164		886044712,73715573,
ERR1631165	191456345,17140308,886061954,146818281,	397508601,397508691,10229820,121909012,121908783,1800079,121908776,1057516527,397508169,397508165,121908811,397508618,397508610,55831234,73715573,397508801,758147990,121908753,143486492,397508531,397508401,397508561,113857788,397508814,146947665,1057516970,180783619,397508135,397508137,397508681,397508451,886061953,76727851,148878126,201759207,886044712,397508391,
ERR1631166		10229820,73715573,886044712,
ERR1631167		73715573,886044712,
ERR1631168
ERR1631169		886044712,
ERR1631170		10229820,886044712,73715573,
ERR1631171		886044712,
ERR1631172
ERR1631173
ERR1631174
ERR1631175
ERR1631176
ERR1631177
ERR1631178
ERR1631179
ERR1631180
ERR1631181
ERR1631182
ERR1631183
ERR1631184
ERR1631185
ERR1631186
ERR1631187
ERR1631188
ERR1631189
ERR1631190
ERR1631191
ERR1631192
ERR1631193
ERR1631194
ERR1631195
ERR1631196
ERR1631197
ERR1631198	371815480,886061954,	180783619,10229820,55831234,73715573,886044712,
ERR1631199		10229820,73715573,886044712,
ERR1631200		73715573,10229820,886044712,
ERR1631201		73715573,10229820,886044712,
ERR1631202
ERR1631203
ERR1631204
ERR1631205
ERR1631206
ERR1631207
ERR1631208
ERR1631209
ERR1631210
ERR1631211
ERR1631212
ERR1631213
ERR1631214
ERR1631215
ERR1631216
ERR1631217
ERR1631218
ERR1631219
ERR1631220
ERR1631221
ERR1631222
ERR1631223
ERR1631224
ERR1631225
ERR1631226
ERR1631227
ERR1631228
ERR1631229
ERR1631230
ERR1631231
ERR1631232		886044712,
ERR1631233
ERR1631234
ERR1631235		10229820,73715573,886044712,
ERR1631236
ERR1631237
ERR1631238
ERR1631239
ERR1631240		10229820,73715573,886044712,
ERR1631241
ERR1631242
ERR1631243		73715573,10229820,
ERR1631244
ERR1631245
ERR1631246		886044712,73715573,
ERR1631247
ERR1631248
ERR1631249
ERR1631250
ERR1631251
ERR1631252
ERR1631253
ERR1631254
ERR1631255
ERR1631256
ERR1631257
ERR1631258
ERR1631259
ERR1631260
ERR1631261
ERR1631262
ERR1631263
ERR1631264
ERR1631265
ERR1631266
ERR1631267		73715573,886044712,
ERR1631268		73715573,886044712,
ERR1631269		73715573,886044712,
ERR1631270		886044712,73715573,
ERR1631271
ERR1631272
ERR1631273		73715573,886044712,
ERR1631274
ERR1631275
ERR1631276
ERR1631277
ERR1631278
ERR1631279
ERR1631280
ERR1631281
ERR1631282
ERR1631283
ERR1631284
ERR1631285
ERR1631286
ERR1631287
ERR1631288
ERR1631289
ERR1631290
ERR1631291
ERR1631292
ERR1631293
ERR1631294
ERR1631295
ERR1631296
ERR1631297		73715573,
ERR1631298
ERR1631299		397508814,143486492,886044712,
ERR1631300
ERR1631301
ERR1631302
ERR1631303		73715573,
ERR1631304
ERR1631305		886044712,
ERR1631306
ERR1631307		73715573,886044712,
ERR1631308		10229820,886044712,73715573,
ERR1631309
ERR1631310		73715573,886044712,
ERR1631311
ERR1631312
ERR1631313
ERR1631314		73715573,886044712,
ERR1631315		10229820,73715573,886044712,
ERR1631316		886044712,73715573,
ERR1631317
ERR1631318
ERR1631319
ERR1631320
ERR1631321		886044712,73715573,
ERR1631322		886044712,73715573,
ERR1631323
ERR1631324
ERR1631325
ERR1631326		10229820,73715573,886044712,
ERR1631327
ERR1631328
ERR1631329
ERR1631330
ERR1631331
ERR1631332
ERR1631333
ERR1631334
ERR1631335
ERR1631336
ERR1631337
ERR1631338
ERR1631339
ERR1631340
ERR1631341
ERR1631342
ERR1631343
ERR1631344
ERR1631345		886044712,73715573,
ERR1631346
ERR1631347
ERR1631348
ERR1631349
ERR1631350
ERR1631351
ERR1631352		73715573,886044712,
ERR1631353
ERR1631354		886044712,73715573,
ERR1631355		73715573,886044712,
ERR1631356		886044712,
ERR1631357
ERR1631358
ERR1631359		886044712,
ERR1631360
ERR1631361		73715573,886044712,
ERR1631362	191456345,	121908753,143486492,121908804,10229820,397508712,1800501,73715573,886044712,138338446,
ERR1631363		73715573,886044712,
ERR1631364
ERR1631365
ERR1631366
ERR1631367
ERR1631368
ERR1631369
ERR1631370
ERR1631371
ERR1631372
ERR1631373
ERR1631374
ERR1631375
ERR1631376
ERR1631377
ERR1631378
ERR1631379
ERR1631380
ERR1631381
ERR1631382
ERR1631383
ERR1631384
ERR1631385
ERR1631386		886044712,
ERR1631387
ERR1631388
ERR1631389
ERR1631390
ERR1631391
ERR1631392
ERR1631393
ERR1631394
ERR1631395
ERR1631396
ERR1631397
ERR1631398
ERR1631399
ERR1631400
ERR1631401
ERR1631402
ERR1631403
ERR1631404
ERR1631405
ERR1631406
ERR1631407
ERR1631408
ERR1631409
ERR1631410
ERR1631411
ERR1631412
ERR1631413
ERR1631414
ERR1631415
ERR1631416
ERR1631417
ERR1631418
ERR1631419
ERR1631420
ERR1631421
ERR1631422		886044712,
ERR1631423		73715573,886044712,
ERR1631424		10229820,886044712,73715573,
ERR1631425		10229820,73715573,886044712,
ERR1631426		886044712,73715573,
ERR1631427
ERR1631428
ERR1631429
ERR1631430
ERR1631431
ERR1631432
ERR1631433
ERR1631434
ERR1631435
ERR1631436
ERR1631437
ERR1631438
ERR1631439
ERR1631440
ERR1631441
ERR1631442
ERR1631443
ERR1631444
ERR1631445
ERR1631446
ERR1631447
ERR1631448		886044712,73715573,
ERR1631449		10229820,73715573,886044712,
ERR1631450		73715573,886044712,
ERR1631451
ERR1631452
ERR1631453
ERR1631454		886044712,73715573,
ERR1631455		886044712,73715573,
ERR1631456
ERR1631457
ERR1631458
ERR1631459
ERR1631460
ERR1631461
ERR1631462
ERR1631463
ERR1631464
ERR1631465
ERR1631466
ERR1631467
ERR1631468
ERR1631469
ERR1631470
ERR1631471
ERR1631472
ERR1631473
ERR1631474
ERR1631475
ERR1631476
ERR1631477		886044712,
ERR1631478		73715573,886044712,
ERR1631479
ERR1631480		10229820,886044712,73715573,
ERR1631481
ERR1631482		886044712,73715573,
ERR1631483
ERR1631484
ERR1631485
ERR1631486
ERR1631487
ERR1631488
ERR1631489
ERR1631490
ERR1631491
ERR1631492
ERR1631493
ERR1631494
ERR1631495
ERR1631496
ERR1631497
ERR1631498
ERR1631499		886044712,
ERR1631500
ERR1631501
ERR1631502
ERR1631503		10229820,73715573,886044712,
ERR1631504
ERR1631505
ERR1631506		886044712,73715573,
ERR1631507
ERR1631508		886044712,73715573,
ERR1631509		886044712,73715573,
ERR1631510
ERR1631511
ERR1631512
ERR1631513
ERR1631514
ERR1631515		10229820,73715573,886044712,
ERR1631516
ERR1631517		886044712,
ERR1631518
ERR1631519
ERR1631520		886044712,
ERR1631521
ERR1631522
ERR1631523
ERR1631524		73715573,886044712,
ERR1631525
ERR1631526
ERR1631527
ERR1631528		397508516,886044712,1800501,73715573,
ERR1631529
ERR1631530
ERR1631531		73715573,10229820,886044712,
ERR1631532
ERR1631533
ERR1631534
ERR1631535
ERR1631536
ERR1631537
ERR1631538
ERR1631539
ERR1631540
ERR1631541
ERR1631542
ERR1631543
ERR1631544
ERR1631545
ERR1631546
ERR1631547
ERR1631548
ERR1631549
ERR1631550
ERR1631551
ERR1631552
ERR1631553
ERR1631554
ERR1631555
ERR1631556
ERR1631557
ERR1631558
ERR1631559
ERR1631560
ERR1631561
ERR1631562
ERR1631563
ERR1631564
ERR1631565
ERR1631566
ERR1631567
ERR1631568
ERR1631569
ERR1631570
ERR1631571
ERR1631572
ERR1631573
ERR1631574
ERR1631575
ERR1631576
ERR1631577
ERR1631578
ERR1631579		73715573,886044712,
ERR1631580
ERR1631581
ERR1631582
ERR1631583
ERR1631584
ERR1631585
ERR1631586
ERR1631587
ERR1631588
ERR1631589
ERR1631590
ERR1631591
ERR1631592
ERR1631593
ERR1631594
ERR1631595
ERR1631596
ERR1631597
ERR1631598
ERR1631599
ERR1631600
ERR1631601
ERR1631602
ERR1631603		886044712,
ERR1631604		10229820,886044712,73715573,
ERR1631605		886044712,73715573,
ERR1631606
ERR1631607
ERR1631608
ERR1631609
ERR1631610
ERR1631611
ERR1631612
ERR1631613
ERR1631614
ERR1631615
ERR1631616
ERR1631617
ERR1631618
ERR1631619
ERR1631620
ERR1631621
ERR1631622
ERR1631623
ERR1631624
ERR1631625
ERR1631626
ERR1631627
ERR1631628
ERR1631629
ERR1631630
ERR1631631
ERR1631632
ERR1631633
ERR1631634
ERR1631635
ERR1631636
ERR1631637
ERR1631638
ERR1631639
ERR1631640
ERR1631641
ERR1631642
ERR1631643
ERR1631644
ERR1631645
ERR1631646
ERR1631647
ERR1631648
ERR1631649
ERR1631650
ERR1631651
ERR1631652
ERR1631653
ERR1631654
ERR1631655
ERR1631656
ERR1631657
ERR1631658
ERR1631659		886044712,
ERR1631660
ERR1631661
ERR1631662
ERR1631663		886044712,
ERR1631664
ERR1631665
ERR1631666
ERR1631667
ERR1631668
ERR1631669		73715573,886044712,
ERR1631670
ERR1631671
ERR1631672
ERR1631673
ERR1631674
ERR1631675
ERR1631676		73715573,886044712,
ERR1631677
ERR1631678
ERR1631679
ERR1631680
ERR1631681
ERR1631682		886044712,
ERR1631683
ERR1631684
ERR1631685		73715573,886044712,
ERR1631686
ERR1631687		886044712,73715573,
ERR1631688		886044712,
ERR1631689
ERR1631690
ERR1631691		886044712,
ERR1631692
ERR1631693		886044712,
ERR1631694		886044712,
ERR1631695
ERR1631696
ERR1631697
ERR1631698		886044712,
ERR1631699
ERR1631700
ERR1631701
ERR1631702
ERR1631703
ERR1631704		886044712,73715573,
ERR1631705
ERR1631706
ERR1631707		886044712,
ERR1631708
ERR1631709
ERR1631710
ERR1631711
ERR1631712
ERR1631713
ERR1631714
ERR1631715
ERR1631716
ERR1631717
ERR1631718
ERR1631719
ERR1631720
ERR1631721
ERR1631722
ERR1631723
ERR1631724
ERR1631725
ERR1631726
ERR1631727
ERR1631728
ERR1631729
ERR1631730		73715573,886044712,
ERR1631731		73715573,886044712,10229820,
ERR1631732
ERR1631733
ERR1631734		886044712,
ERR1631735
ERR1631736
ERR1631737
ERR1631738
ERR1631739
ERR1631740
ERR1631741		73715573,886044712,
ERR1631742
ERR1631743
ERR1631744
ERR1631745
ERR1631746
ERR1631747
ERR1631748
ERR1631749
ERR1631750
ERR1631751
ERR1631752		10229820,73715573,886044712,
ERR1631753
ERR1631754
ERR1631755		121908752,143486492,10229820,397508217,886044712,55831234,76727851,1800501,73715573,397508712,121908804,
ERR1631756
ERR1631757		73715573,886044712,
ERR1631758
ERR1631759		73715573,886044712,
ERR1631760
ERR1631761
ERR1631762
ERR1631763		73715573,886044712,
ERR1631764
ERR1631765		886044712,
ERR1631766
ERR1631767
ERR1631768
ERR1631769
ERR1631770		886044712,
ERR1631771
ERR1631772
ERR1631773
ERR1631774
ERR1631775
ERR1631776
ERR1631777
ERR1631778		10229820,73715573,886044712,
ERR1631779		886044712,73715573,
ERR1631780		886044712,
ERR1631781		886044712,
ERR1631782
ERR1631783		73715573,886044712,
ERR1631784		886044712,73715573,
ERR1631785
ERR1631786
ERR1631787
ERR1631788
ERR1631789
ERR1631790
ERR1631791
ERR1631792		886044712,73715573,
ERR1631793
ERR1631794
ERR1631795		886044712,
ERR1631796
ERR1631797		886044712,73715573,
ERR1631798
ERR1631799
ERR1631800
ERR1631801
ERR1631802
ERR1631803
ERR1631804		886044712,
ERR1631805
ERR1631806		73715573,886044712,
ERR1631807
ERR1631808
ERR1631809
ERR1631810
ERR1631811
ERR1631812
ERR1631813		10229820,73715573,886044712,
ERR1631814		73715573,886044712,
ERR1631815
ERR1631816
ERR1631817
ERR1631818		73715573,886044712,
ERR1631819
ERR1631820		886044712,73715573,
ERR1631821		73715573,886044712,
ERR1631822		886044712,73715573,
ERR1631823
ERR1631824		886044712,73715573,
ERR1631825
ERR1631826
ERR1631827
ERR1631828		73715573,886044712,
ERR1631829
ERR1631830		10229820,73715573,886044712,
ERR1631831
ERR1631832		73715573,
ERR1631833
ERR1631834		886044712,
ERR1631835
ERR1631836
ERR1631837		73715573,886044712,
ERR1631838		73715573,886044712,
ERR1631839
ERR1631840
ERR1631841		886044712,
ERR1631842
ERR1631843		886044712,73715573,
ERR1631844		886044712,
ERR1631845		886044712,
ERR1631846
ERR1631847		10229820,886044712,73715573,
ERR1631848		73715573,886044712,
ERR1631849		886044712,73715573,
ERR1631850
ERR1631851
ERR1631852
ERR1631853
ERR1631854
ERR1631855
ERR1631856
ERR1631857
ERR1631858
ERR1631859
ERR1631860
ERR1631861		886044712,73715573,
ERR1631862		886044712,
ERR1631863
ERR1631864
ERR1631865
ERR1631866
ERR1631867
ERR1631868
ERR1631869
ERR1631870
ERR1631871
ERR1631872
ERR1631873
ERR1631874
ERR1631875
ERR1631876
ERR1631877
ERR1631878		886044712,
ERR1631879
ERR1631880
ERR1631881
ERR1631882
ERR1631883
ERR1631884
ERR1631885		886044712,
ERR1631886
ERR1631887
ERR1631888
ERR1631889
ERR1631890
ERR1631891
ERR1631892		886044712,73715573,
ERR1631893
ERR1631894		886044712,
ERR1631895
ERR1631896		73715573,886044712,
ERR1631897
ERR1631898
ERR1631899		886044712,
ERR1631900
ERR1631901
ERR1631902
ERR1631903		886044712,
ERR1631904
ERR1631905
ERR1631906
ERR1631907
ERR1631908
ERR1631909		73715573,10229820,886044712,
ERR1631910
ERR1631911
ERR1631912
ERR1631913
ERR1631914
ERR1631915
ERR1631916		886044712,73715573,
ERR1631917
ERR1631918
ERR1631919
ERR1631920
ERR1631921
ERR1631922		886044712,73715573,
ERR1631923
ERR1631924
ERR1631925
ERR1631926
ERR1631927
ERR1631928
ERR1631929		886044712,
ERR1631930
ERR1631931		886044712,
ERR1631932		886044712,
ERR1631933
ERR1631934
ERR1631935		10229820,73715573,886044712,
ERR1631936
ERR1631937		886044712,
ERR1631938
ERR1631939		886044712,
ERR1631940
ERR1631941
ERR1631942
ERR1631943
ERR1631944
ERR1631945
ERR1631946
ERR1631947
ERR1631948
ERR1631949		886044712,1800501,73715573,
ERR1631950		886044712,
ERR1631951
ERR1631952
ERR1631953		886044712,73715573,
ERR1631954
ERR1631955
ERR1631956
ERR1631957
ERR1631958
ERR1631959
ERR1631960
ERR1631961
ERR1631962
ERR1631963
ERR1631964
ERR1631965
ERR1631966		886044712,
ERR1631967
ERR1631968		73715573,
ERR1631969		73715573,
ERR1631970		397508781,121908753,143486492,397508217,397508710,55831234,1800501,73715573,886044712,
ERR1631971
ERR1631972
ERR1631973
ERR1631974		886044712,73715573,
ERR1631975
ERR1631976
ERR1631977
ERR1631978
ERR1631979
ERR1631980
ERR1631981
ERR1631982
ERR1631983
ERR1631984
ERR1631985
ERR1631986		886044712,73715573,
ERR1631987		73715573,886044712,
ERR1631988
ERR1631989
ERR1631990
ERR1631991
ERR1631992
ERR1631993
ERR1631994
ERR1631995
ERR1631996		10229820,73715573,886044712,
ERR1631997		10229820,73715573,886044712,
ERR1631998		10229820,73715573,886044712,
ERR1631999
ERR1632000
ERR1632001	191456345,775713428,1060503163,	397508814,397508781,55773134,397508821,397508141,397508143,121908752,121908753,143486492,148519623,142920240,75961395,397508137,146463120,397508751,775701644,397508217,886044712,1800073,1039221071,1800076,1800079,1800501,73715573,121908772,397508710,397508712,138338446,758147990,121908804,121909045,121908801,
ERR1632002
ERR1632003		10229820,73715573,886044712,
ERR1632004
ERR1632005
ERR1632006
ERR1632007
ERR1632008
ERR1632009		886044712,73715573,
ERR1632010		886044712,
ERR1632011
ERR1632012
ERR1632013
ERR1632014
ERR1632015		10229820,73715573,886044712,
ERR1632016
ERR1632017
ERR1632018
ERR1632019
ERR1632020		10229820,886044712,73715573,
ERR1632021		10229820,73715573,886044712,
ERR1632022		73715573,886044712,
ERR1632023		73715573,886044712,
ERR1632024		73715573,886044712,
ERR1632025	191456345,55773134,371815480,55831234,	397508781,121908753,143486492,397508751,10229820,397508217,886061953,397508710,1800073,1039221071,1800079,1060503163,1800501,73715573,397508715,886044712,397508712,138338446,121908804,121909044,121908801,
ERR1632026	191456345,55773134,397508461,775713428,	151020603,10229820,397508781,397508821,397508141,397508143,121908752,121908753,143486492,387906371,142920240,75961395,758147990,397508135,397508137,146463120,397508751,775701644,369326781,397508217,397508710,1800073,55831234,1039221071,1800079,76727851,1060503163,1800501,397508671,149353983,73715573,121908804,121909045,79660178,886044712,397508712,138338446,121908772,121909044,121908801,
ERR1632027
ERR1632028
ERR1632029
ERR1632030		10229820,73715573,886044712,
ERR1632031		73715573,886044712,
ERR1632032
ERR1632033		73715573,
ERR1632034		73715573,886044712,
ERR1632035
ERR1632036
ERR1632037
ERR1632038
ERR1632039		10229820,886044712,73715573,
ERR1632040
ERR1632041
ERR1632042		73715573,886044712,
ERR1632043		886044712,73715573,
ERR1632044		73715573,
ERR1632045		10229820,886044712,73715573,
ERR1632046		10229820,73715573,
ERR1632047
ERR1632048
ERR1632049
ERR1632050	55773134,	10229820,755619078,397508781,397508141,121908752,121908753,142920240,397508137,397508751,397508516,775701644,369326781,397508217,1800079,1800501,73715573,886044712,397508712,138338446,121908804,121909045,121908801,
ERR1632051
ERR1632052
ERR1632053
ERR1632054
ERR1632055
ERR1632056		10229820,73715573,886044712,
ERR1632057		121908752,886044712,73715573,
ERR1632058
ERR1632059		886044712,
ERR1632060
ERR1632061
ERR1632062
ERR1632063		73715573,886044712,
ERR1632064		73715573,886044712,
ERR1632065		73715573,886044712,
ERR1632066
ERR1632067
ERR1632068
ERR1632069
ERR1632070		73715573,886044712,
ERR1632071		73715573,886044712,
ERR1632072		886044712,73715573,
ERR1632073		10229820,73715573,886044712,
ERR1632074		10229820,73715573,886044712,
ERR1632075
ERR1632076		10229820,73715573,886044712,
ERR1632077
ERR1632078		10229820,73715573,886044712,
ERR1632079		73715573,886044712,
ERR1632080
ERR1632081		73715573,886044712,
ERR1632082		886044712,73715573,
ERR1632083
ERR1632084		886044712,73715573,
ERR1632085		73715573,886044712,
ERR1632086
ERR1632087		10229820,73715573,886044712,
ERR1632088		73715573,886044712,
ERR1632089		73715573,886044712,
ERR1632090		886044712,
ERR1632091	191456345,55773134,775713428,	77834169,151020603,397508813,397508814,397508152,397508781,387906361,397508144,397508821,397508165,397508141,397508143,121908752,121908753,143486492,387906371,201958172,142920240,75961395,397508135,397508137,146463120,397508751,121908804,397508516,775701644,755619078,10229820,397508801,369326781,113993958,397508217,397508710,1800073,1039221071,1800076,1800074,76727851,1060503163,1800501,397508671,149353983,73715573,758147990,121908754,397508174,397508173,397508172,1800079,397508718,397508715,886044712,397508712,138338446,397508169,193922500,121908772,121908773,121909045,121909044,121908801,
ERR1632092		73715573,886044712,
ERR1632093		886044712,73715573,
ERR1632094
ERR1632095		121908752,397508217,1800073,1800501,886044712,
ERR1632096
ERR1632097	191456345,55773134,371815480,1060503163,	397508781,397508821,397508141,121908752,121908753,143486492,146463120,397508516,775701644,10229820,397508217,886044712,1800073,76727851,1800501,149353983,73715573,121909044,397508710,397508712,138338446,121908804,121909045,
ERR1632098		10229820,73715573,886044712,
ERR1632099		73715573,886044712,
ERR1632100
ERR1632101		886044712,73715573,
ERR1632102
ERR1632103		10229820,73715573,886044712,
ERR1632104		10229820,886044712,73715573,
ERR1632105
ERR1632106		10229820,73715573,886044712,
ERR1632107		73715573,886044712,
ERR1632108
ERR1632109
ERR1632110
ERR1632111
ERR1632112	191456345,397508461,55773134,55831234,886061954,1060503163,	755619078,387906371,75961395,121908772,397508516,775701644,10229820,1800076,1800079,113993958,397508169,397508165,397508751,138338446,142540482,73715573,397508715,397508712,76727851,397508152,397508781,121908752,121908753,143486492,1039221071,121909045,77834169,397508814,397508144,397508141,397508143,142920240,397508135,397508137,397508217,201958172,397508801,886061953,397508710,1800501,397508671,397508173,121908801,886044712,121908804,
ERR1632113		73715573,886044712,
ERR1632114
ERR1632115		886044712,73715573,
ERR1632116	191456345,1800136,55773134,397508461,55831234,775713428,	397508781,397508141,121908752,121908753,143486492,121908754,142920240,397508135,397508751,397508516,775701644,201958172,10229820,150914702,369326781,886061953,1800073,1039221071,1800501,397508671,73715573,148783445,886044712,397508718,397508715,397508710,397508712,138338446,121908804,121909044,121908801,
ERR1632117
ERR1632118		73715573,886044712,
ERR1632119
ERR1632120		10229820,73715573,886044712,
ERR1632121		10229820,73715573,886044712,
ERR1632122		73715573,886044712,
ERR1632123
ERR1632124		10229820,73715573,886044712,
ERR1632125		10229820,73715573,886044712,
ERR1632126		10229820,73715573,886044712,
ERR1632127
ERR1632128
ERR1632129
ERR1632130		886044712,73715573,
ERR1632131		397508712,121908752,121908753,397508217,886044712,1800501,73715573,121909045,397508710,121908804,
ERR1632132
ERR1632133
ERR1632134		73715573,886044712,
ERR1632135	191456345,371815480,886061954,55831234,148173473,	397508814,10229820,397508781,397508141,121908752,121908753,143486492,369326781,142920240,397508813,397508135,397508196,146463120,397508217,397508751,775701644,201958172,886061953,397508710,144476686,1800073,1039221071,76727851,1060503163,1800501,73715573,121908754,397508174,397508801,886044712,397508712,138338446,193922500,758147990,121908804,121909045,121909044,
ERR1632136
ERR1632137		10229820,886044712,73715573,
ERR1632138		73715573,10229820,886044712,
ERR1632139		73715573,886044712,
ERR1632140		886044712,
ERR1632141		10229820,73715573,886044712,
ERR1632142
ERR1632143		73715573,886044712,
ERR1632144
ERR1632145		10229820,73715573,886044712,
ERR1632146		10229820,73715573,886044712,
ERR1632147		10229820,73715573,886044712,
ERR1632148		397508141,121908753,397508217,397508710,1800501,73715573,886044712,397508712,
ERR1632149		73715573,886044712,
ERR1632150
ERR1632151		73715573,886044712,
ERR1632152		10229820,886044712,73715573,
ERR1632153		886044712,
ERR1632154	191456345,397508461,397508241,55773134,213950,148173473,775713428,1060503163,	151020603,755619078,397508821,75961395,397508516,775701644,10229820,1800073,1800076,1800079,138338446,397508169,193922500,397508165,397508162,121908812,397508751,387906371,55831234,73715573,121908754,397508801,397508710,397508712,758147990,397508152,397508781,121908752,121908753,143486492,146463120,397508217,1800084,1800085,144476686,1039221071,121908768,121909045,121909044,77834169,397508813,397508817,397508814,387906361,397508144,397508141,397508143,142920240,397508135,397508137,201958172,397508718,397508715,369326781,886061953,76727851,1800501,397508671,149353983,121908772,121908773,397508174,397508173,397508172,121908801,886044712,121908804,121908770,
ERR1632155		886044712,
ERR1632156
ERR1632157
ERR1632158
ERR1632159		73715573,886044712,
ERR1632160		886044712,
ERR1632161
ERR1632162		886044712,
ERR1632163		10229820,73715573,886044712,
ERR1632164		10229820,73715573,886044712,
ERR1632165		10229820,886044712,1800501,73715573,
ERR1632166
ERR1632167
ERR1632168		886044712,73715573,
ERR1632169		886044712,73715573,
ERR1632170		73715573,10229820,886044712,
ERR1632171
ERR1632172		10229820,73715573,886044712,
ERR1632173		73715573,886044712,
ERR1632174		10229820,73715573,886044712,
ERR1632175		73715573,886044712,
ERR1632176
ERR1632177
ERR1632178		10229820,73715573,886044712,
ERR1632179		10229820,73715573,886044712,
ERR1632180		886044712,73715573,
ERR1632181		73715573,886044712,
ERR1632182
ERR1632183
ERR1632184	191456345,	10229820,1800501,73715573,121908812,886044712,
ERR1632185		10229820,73715573,886044712,
ERR1632186		10229820,73715573,886044712,
ERR1632187	191456345,55773134,10234329,148173473,775713428,397508716,146818281,	755619078,387906371,1060504846,397508516,397508691,775701644,10229820,1800073,1800076,1800079,113993958,138338446,397508165,121908754,397508751,55831234,73715573,397508801,397508712,758147990,76727851,397508781,121908752,121908753,143486492,146463120,148519623,1800085,144476686,1039221071,121909045,121909044,397508813,397508814,397508141,397508144,397508143,180783619,142920240,397508135,397508137,397508217,397508715,369326781,886061953,397508710,1060503163,1800501,397508671,149353983,148878126,121908804,397508174,397508173,121908801,886044712,121908772,121908770,
ERR1632188	191456345,55773134,775713428,17140308,	397508821,397508516,775701644,10229820,1800073,1800076,1800079,113993958,79660178,138338446,397508165,397508751,397508715,73715573,397508801,397508710,397508712,758147990,76727851,397508781,121908752,121908753,143486492,121908804,1039221071,121908768,121909045,397508814,397508141,397508143,142920240,397508135,397508137,397508217,201958172,369326781,886061953,1060503163,1800501,397508671,149353983,397508173,121908801,886044712,
ERR1632189		10229820,886044712,73715573,
ERR1632190
ERR1632191
ERR1632192
ERR1632193		10229820,886044712,73715573,
ERR1632194		10229820,73715573,886044712,
ERR1632195		10229820,73715573,886044712,
ERR1632196
ERR1632197
ERR1632198
ERR1632199		10229820,73715573,886044712,
ERR1632200		886044712,73715573,
ERR1632201		73715573,886044712,
ERR1632202		10229820,73715573,886044712,
ERR1632203		1800501,73715573,886044712,
ERR1632204
ERR1632205
ERR1632206
ERR1632207		73715573,886044712,
ERR1632208
ERR1632209		10229820,73715573,886044712,
ERR1632210
ERR1632211	191456345,397508461,55773134,55831234,10234329,17140308,775713428,371815480,886061954,1060503163,146818281,	397508821,397508196,397508516,775701644,10229820,1800073,1800079,113993958,138338446,193922500,397508165,397508751,397508186,397508715,121908798,73715573,397508718,397508801,397508710,397508712,76727851,397508152,1060504846,397508150,397508781,121908752,121908753,143486492,146463120,148519623,1039221071,121908801,121909045,121909044,77834169,397508813,397508814,387906361,397508141,397508143,142920240,397508135,397508137,397508217,201958172,369326781,886061953,397508172,1800501,397508671,149353983,121908772,397508173,886044712,121908804,
ERR1632212		10229820,73715573,886044712,
ERR1632213	55773134,	121908752,121908753,143486492,142920240,146463120,397508751,397508217,886044712,1800501,73715573,121908804,121909044,
ERR1632214	191456345,397508461,55773134,775713428,146818281,	151020603,387906371,75961395,397508516,775701644,121908773,10229820,1800073,1800079,79282516,121909045,79660178,397508169,193922500,397508165,397508801,397508751,397508186,55831234,138338446,73715573,121908754,397508715,397508712,758147990,397508150,397508781,121908752,121908753,143486492,146463120,1800085,144476686,1039221071,121909044,397508813,397508814,397508141,397508143,142920240,397508135,397508137,397508217,201958172,369326781,886061953,397508710,76727851,1060503163,1800501,397508671,149353983,121908804,397508174,121908801,886044712,121908772,121908771,
ERR1632215		73715573,886044712,
ERR1632216
ERR1632217		73715573,886044712,
ERR1632218		10229820,886044712,73715573,
ERR1632219
ERR1632220		73715573,
ERR1632221
ERR1632222		73715573,886044712,
ERR1632223		73715573,886044712,
ERR1632224
ERR1632225		886044712,
ERR1632226		10229820,73715573,886044712,
ERR1632227		886044712,73715573,
ERR1632228
ERR1632229		73715573,886044712,
ERR1632230
ERR1632231		10229820,73715573,886044712,
ERR1632232
ERR1632233		73715573,886044712,
ERR1632234
ERR1632235
ERR1632236
ERR1632237		73715573,
ERR1632238		886044712,73715573,
ERR1632239		886044712,73715573,
ERR1632240		886044712,
ERR1632241		73715573,886044712,
ERR1632242		10229820,73715573,886044712,
ERR1632243		886044712,73715573,
ERR1632244		10229820,886044712,73715573,
ERR1632245		886044712,73715573,
ERR1632246
ERR1632247	191456345,1800136,138069616,371815480,55773134,213950,148173473,775713428,17140308,886061954,146818281,	79282516,151020603,755619078,75549581,397508821,387906371,75961395,397508196,397508516,775701644,121908773,10229820,121908770,121909013,1800073,1800076,1800074,1800079,113993958,79660178,138338446,397508169,193922500,397508165,193922504,121908811,121908744,672601317,143486492,397508751,397508181,397508186,397508715,55831234,142540482,73715573,397508162,397508718,397508801,397508710,397508712,758147990,76727851,397508152,1060504846,397508150,397508781,121908752,121908753,121908754,146463120,397508217,1800084,1800085,144476686,1039221071,371107552,121908801,150691494,121908764,121908768,121909045,121909044,77834169,397508812,397508813,397508817,397508814,387906361,1057516970,397508141,397508144,397508146,397508147,397508143,142920240,397508135,397508137,397508741,201958172,369326781,886061953,1060503163,1800501,397508671,149353983,121908804,397508174,397508173,397508172,886044712,121908772,
ERR1632248	191456345,1800136,397508461,55773134,55831234,213950,886061954,1060503163,146818281,	79282516,151020603,755619078,397508821,387906371,75961395,397508516,775701644,10229820,1800073,1800076,1800079,1057516232,797045161,113993958,79660178,138338446,193922500,397508165,121908744,397508751,397508186,150914702,397508715,397508371,73715573,148173473,121908754,74551128,397508718,397508801,397508712,758147990,76727851,397508152,1060504846,397508781,121908751,121908752,121908753,143486492,146463120,148519623,397508217,1800084,1800085,144476686,1039221071,367850319,121908768,121909045,121909044,113857788,77834169,397508813,397508814,146947665,397508144,397508141,397508143,180783619,142920240,397508135,397508137,397508741,201958172,369326781,886061953,397508710,1800501,397508671,149353983,121908804,121908801,121908774,886044712,121908772,121908773,121908771,
ERR1632249		886044712,
ERR1632250	191456345,1800136,397508461,55773134,55831234,148173473,775713428,886061954,146818281,	151020603,755619078,397508821,75961395,397508196,121908772,121908773,10229820,1800073,1800076,1800079,79282516,138338446,397508165,397508751,397508715,73715573,397508801,397508710,397508712,758147990,76727851,397508152,397508781,121908752,121908753,143486492,146463120,397508217,1039221071,121909045,121909044,77834169,397508813,397508814,387906361,397508141,397508143,142920240,397508135,397508137,886061953,1060503163,1800501,149353983,397508173,121908801,886044712,121908804,
ERR1632251
ERR1632252
ERR1632253
ERR1632254	191456345,	10229820,121908753,397508217,1800501,73715573,886044712,397508712,121908804,
ERR1632255
ERR1632256
ERR1632257
ERR1632258		73715573,886044712,
ERR1632259
ERR1632260
ERR1632261		73715573,886044712,
ERR1632262		10229820,73715573,886044712,
ERR1632263		73715573,886044712,
ERR1632264		886044712,
ERR1632265		10229820,886044712,73715573,
ERR1632266		10229820,73715573,886044712,
ERR1632267
ERR1632268		10229820,73715573,886044712,
ERR1632269
ERR1632270		397508781,121908753,142920240,397508135,10229820,397508217,886044712,1800501,73715573,397508710,
ERR1632271
ERR1632272
ERR1632273		10229820,886044712,73715573,
ERR1632274
ERR1632275
ERR1632276
ERR1632277		886044712,
ERR1632278
ERR1632279		397508135,886044712,73715573,
ERR1632280
ERR1632281
ERR1632282
ERR1632283
ERR1632284
ERR1632285
ERR1632286
ERR1632287
ERR1632288
ERR1632289
ERR1632290
ERR1632291
ERR1632292
ERR1632293
ERR1632294
ERR1632295
ERR1632296
ERR1632297
ERR1632298
ERR1632299
ERR1632300
ERR1632301
ERR1632302
ERR1632303
ERR1632304
ERR1632305
ERR1632306
ERR1632307
ERR1632308
ERR1632309
ERR1632310
ERR1632311
ERR1632312
ERR1632313
ERR1632314
ERR1632315
ERR1632316
ERR1632317
ERR1632318
ERR1632319
ERR1632320
ERR1632321
ERR1632322
ERR1632323
ERR1632324
ERR1632325
ERR1632326
ERR1632327
ERR1632328
ERR1632329
ERR1632330
ERR1632331
ERR1632332
ERR1632333
ERR1632334
ERR1632335
ERR1632336
ERR1632337
ERR1632338
ERR1632339
ERR1632340
ERR1632341
ERR1632342
ERR1632343
ERR1632344
ERR1632345
ERR1632346
ERR1632347
ERR1632348
ERR1632349
ERR1632350
ERR1632351
ERR1632352
ERR1632353
ERR1632354
ERR1632355
ERR1632356
ERR1632357
ERR1632358
ERR1632359
ERR1632360
ERR1632361
ERR1632362
ERR1632363
ERR1632364
ERR1632365
ERR1632366
ERR1632367
ERR1632368
ERR1632369
ERR1632370
ERR1632371
ERR1632372
ERR1632373
ERR1632374
ERR1632375
ERR1632376
ERR1632377
ERR1632378
ERR1632379
ERR1632380
ERR1632381
ERR1632382
ERR1632383
ERR1632384
ERR1632385
ERR1632386
ERR1632387
ERR1632388
ERR1632389
ERR1632390
ERR1632391
ERR1632392	374946172,191456345,10234329,148173473,397508716,4148725,17140308,371815480,886061954,146818281,	1800136,397508821,1060504846,397508691,775701644,10229820,1800073,138338446,193922500,150914702,143486492,397508751,55831234,73715573,397508712,758147990,397508781,121908752,121908753,150494700,121908804,1039221071,397508561,121909045,121909044,113857788,146947665,1057516970,397508141,180783619,142920240,397508135,397508137,369326781,886061953,886061955,397508710,76727851,1800501,149353983,148878126,146804928,886044712,121908772,
ERR1632393
ERR1632394
ERR1632395
ERR1632396
ERR1632397
ERR1632398
ERR1632399
ERR1632400
ERR1632401		886044712,73715573,
ERR1632402
ERR1632403		73715573,886044712,
ERR1632404
ERR1632405
ERR1632406
ERR1632407
ERR1632408		10229820,886044712,73715573,
ERR1632409
ERR1632410
ERR1632411
ERR1632412		886044712,73715573,
ERR1632413
ERR1632414
ERR1632415
ERR1632416	886061954,	886044712,55831234,1800501,148878126,73715573,
ERR1632417
ERR1632418
ERR1632419
ERR1632420
ERR1632421
ERR1632422
ERR1632423
ERR1632424
ERR1632425
ERR1632426
ERR1632427		886044712,
ERR1632428
ERR1632429
ERR1632430
ERR1632431
ERR1632432
ERR1632433
ERR1632434
ERR1632435
ERR1632436
ERR1632437
ERR1632438
ERR1632439
ERR1632440
ERR1632441
ERR1632442
ERR1632443
ERR1632444
ERR1632445
ERR1632446
ERR1632447
ERR1632448
ERR1632449		73715573,886044712,
ERR1632450
ERR1632451
ERR1632452
ERR1632453
ERR1632454
ERR1632455
ERR1632456
ERR1632457		886044712,73715573,
ERR1632458		886044712,
ERR1632459
ERR1632460
ERR1632461
ERR1632462
ERR1632463
ERR1632464
ERR1632465
ERR1632466
ERR1632467
ERR1632468
ERR1632469
ERR1632470		10229820,886044712,73715573,
ERR1632471
ERR1632472
ERR1632473
ERR1632474
ERR1632475
ERR1632476
ERR1632477
ERR1632478
ERR1632479
ERR1632480
ERR1632481
ERR1632482
ERR1632483
ERR1632484
ERR1632485
ERR1632486		886044712,
ERR1632487
ERR1632488
ERR1632489
ERR1632490
ERR1632491
ERR1632492
ERR1632493
ERR1632494
ERR1632495
ERR1632496
ERR1632497
ERR1632498
ERR1632499
ERR1632500
ERR1632501
ERR1632502
ERR1632503
ERR1632504
ERR1632505
ERR1632506		886044712,
ERR1632507		73715573,886044712,
ERR1632508
ERR1632509		886044712,73715573,
ERR1632510		886044712,55831234,73715573,
ERR1632511		10229820,73715573,886044712,
ERR1632512	886061954,	397508135,886061953,55831234,1800501,73715573,886044712,
ERR1632513
ERR1632514
ERR1632515
ERR1632516
ERR1632517
ERR1632518
ERR1632519
ERR1632520
ERR1632521
ERR1632522
ERR1632523
ERR1632524
ERR1632525		73715573,
ERR1632526
ERR1632527
ERR1632528
ERR1632529
ERR1632530
ERR1632531
ERR1632532
ERR1632533
ERR1632534
ERR1632535		73715573,886044712,
ERR1632536		73715573,886044712,
ERR1632537
ERR1632538
ERR1632539
ERR1632540
ERR1632541
ERR1632542
ERR1632543
ERR1632544
ERR1632545
ERR1632546		886044712,
ERR1632547
ERR1632548
ERR1632549
ERR1632550
ERR1632551
ERR1632552
ERR1632553
ERR1632554
ERR1632555
ERR1632556
ERR1632557
ERR1632558		886044712,
ERR1632559		10229820,73715573,886044712,
ERR1632560		10229820,73715573,886044712,
ERR1632561
ERR1632562
ERR1632563
ERR1632564
ERR1632565
ERR1632566
ERR1632567
ERR1632568
ERR1632569
ERR1632570
ERR1632571		886044712,1800501,73715573,10229820,
ERR1632572
ERR1632573		886044712,73715573,
ERR1632574
ERR1632575
ERR1632576		886044712,73715573,
ERR1632577
ERR1632578
ERR1632579
ERR1632580
ERR1632581
ERR1632582
ERR1632583		886044712,73715573,
ERR1632584		886044712,
ERR1632585
ERR1632586
ERR1632587
ERR1632588
ERR1632589
ERR1632590
ERR1632591
ERR1632592
ERR1632593
ERR1632594
ERR1632595
ERR1632596
ERR1632597
ERR1632598
ERR1632599
ERR1632600
ERR1632601
ERR1632602
ERR1632603
ERR1632604		73715573,
ERR1632605
ERR1632606
ERR1632607
ERR1632608
ERR1632609
ERR1632610
ERR1632611
ERR1632612
ERR1632613
ERR1632614		886044712,
ERR1632615
ERR1632616
ERR1632617		886044712,73715573,
ERR1632618
ERR1632619
ERR1632620
ERR1632621
ERR1632622
ERR1632623
ERR1632624
ERR1632625
ERR1632626
ERR1632627
ERR1632628
ERR1632629
ERR1632630
ERR1632631
ERR1632632
ERR1632633
ERR1632634
ERR1632635
ERR1632636
ERR1632637
ERR1632638
ERR1632639
ERR1632640
ERR1632641
ERR1632642
ERR1632643
ERR1632644
ERR1632645
ERR1632646
ERR1632647
ERR1632648
ERR1632649
ERR1632650
ERR1632651
ERR1632652
ERR1632653
ERR1632654
ERR1632655
ERR1632656		886044712,73715573,
ERR1632657
ERR1632658
ERR1632659
ERR1632660
ERR1632661
ERR1632662		73715573,886044712,
ERR1632663
ERR1632664
ERR1632665		886044712,73715573,
ERR1632666
ERR1632667
ERR1632668
ERR1632669
ERR1632670
ERR1632671
ERR1632672
ERR1632673
ERR1632674
ERR1632675
ERR1632676
ERR1632677
ERR1632678
ERR1632679
ERR1632680
ERR1632681
ERR1632682
ERR1632683
ERR1632684
ERR1632685
ERR1632686
ERR1632687
ERR1632688
ERR1632689		886044712,
ERR1632690
ERR1632691		886044712,
ERR1632692
ERR1632693
ERR1632694
ERR1632695
ERR1632696		886044712,73715573,
ERR1632697		73715573,886044712,
ERR1632698
ERR1632699
ERR1632700
ERR1632701
ERR1632702
ERR1632703
ERR1632704
ERR1632705
ERR1632706
ERR1632707
ERR1632708
ERR1632709
ERR1632710
ERR1632711
ERR1632712
ERR1632713
ERR1632714
ERR1632715		886044712,
ERR1632716
ERR1632717		55831234,1800501,73715573,886044712,
ERR1632718
ERR1632719
ERR1632720		73715573,886044712,
ERR1632721
ERR1632722
ERR1632723
ERR1632724
ERR1632725
ERR1632726
ERR1632727
ERR1632728
ERR1632729
ERR1632730
ERR1632731
ERR1632732		886044712,
ERR1632733
ERR1632734
ERR1632735		73715573,
ERR1632736
ERR1632737
ERR1632738
ERR1632739		886044712,73715573,
ERR1632740
ERR1632741
ERR1632742
ERR1632743
ERR1632744		886044712,73715573,
ERR1632745
ERR1632746
ERR1632747
ERR1632748
ERR1632749
ERR1632750
ERR1632751
ERR1632752
ERR1632753
ERR1632754
ERR1632755		886044712,
ERR1632756
ERR1632757		10229820,886044712,73715573,
ERR1632758
ERR1632759
ERR1632760
ERR1632761
ERR1632762
ERR1632763
ERR1632764
ERR1632765
ERR1632766
ERR1632767
ERR1632768
ERR1632769
ERR1632770
ERR1632771
ERR1632772
ERR1632773
ERR1632774
ERR1632775
ERR1632776
ERR1632777
ERR1632778
ERR1632779
ERR1632780
ERR1632781
ERR1632782
ERR1632783
ERR1632784
ERR1632785
ERR1632786
ERR1632787
ERR1632788
ERR1632789
ERR1632790
ERR1632791
ERR1632792
ERR1632793
ERR1632794
ERR1632795
ERR1632796
ERR1632797
ERR1632798
ERR1632799
ERR1632800
ERR1632801
ERR1632802
ERR1632803
ERR1632804
ERR1632805
ERR1632806
ERR1632807
ERR1632808
ERR1632809
ERR1632810
ERR1632811
ERR1632812
ERR1632813
ERR1632814
ERR1632815
ERR1632816
ERR1632817
ERR1632818
ERR1632819
ERR1632820
ERR1632821
ERR1632822
ERR1632823		886044712,
ERR1632824
ERR1632825
ERR1632826
ERR1632827
ERR1632828
ERR1632829
ERR1632830	191456345,	886044712,
ERR1632831
ERR1632832		886044712,
ERR1632833		73715573,886044712,
ERR1632834		73715573,886044712,
ERR1632835
ERR1632836		73715573,886044712,
ERR1632837
ERR1632838
ERR1632839
ERR1632840
ERR1632841		886044712,73715573,
ERR1632842		10229820,886044712,73715573,
ERR1632843
ERR1632844		886044712,
ERR1632845	146818281,	886044712,
ERR1632846
ERR1632847
ERR1632848
ERR1632849		55831234,886044712,
ERR1632850
ERR1632851
ERR1632852
ERR1632853		886044712,
ERR1632854		886044712,73715573,
ERR1632855		886044712,
ERR1632856
ERR1632857		73715573,
ERR1632858		886044712,73715573,
ERR1632859		886044712,
ERR1632860		73715573,886044712,
ERR1632861		886044712,73715573,
ERR1632862		886044712,73715573,
ERR1632863
ERR1632864
ERR1632865		886044712,73715573,
ERR1632866
ERR1632867
ERR1632868		73715573,886044712,
ERR1632869		886044712,
ERR1632870		886044712,
ERR1632871		73715573,886044712,
ERR1632872		10229820,886044712,73715573,
ERR1632873
ERR1632874		886044712,
ERR1632875
ERR1632876		886044712,
ERR1632877
ERR1632878
ERR1632879
ERR1632880		886044712,73715573,
ERR1632881
ERR1632882
ERR1632883
ERR1632884
ERR1632885
ERR1632886
ERR1632887
ERR1632888
ERR1632889		886044712,73715573,
ERR1632890
ERR1632891
ERR1632892
ERR1632893
ERR1632894
ERR1632895		886044712,
ERR1632896		886044712,
ERR1632897
ERR1632898		886044712,
ERR1632899
ERR1632900		886044712,
ERR1632901
ERR1632902
ERR1632903		886044712,
ERR1632904		73715573,886044712,
ERR1632905		886044712,
ERR1632906
ERR1632907		55831234,886044712,
ERR1632908
ERR1632909
ERR1632910
ERR1632911
ERR1632912
ERR1632913		73715573,886044712,
ERR1632914
ERR1632915
ERR1632916	191456345,146818281,	143486492,397508137,886044712,
ERR1632917		886044712,
ERR1632918		886044712,
ERR1632919
ERR1632920		73715573,886044712,
ERR1632921		886044712,
ERR1632922
ERR1632923		886044712,73715573,
ERR1632924
ERR1632925
ERR1632926		886044712,73715573,
ERR1632927
ERR1632928		886044712,
ERR1632929	146818281,	55831234,73715573,886044712,
ERR1632930
ERR1632931
ERR1632932		886044712,
ERR1632933
ERR1632934
ERR1632935	371815480,886061954,146818281,	10229820,55831234,73715573,886044712,
ERR1632936	371815480,146818281,	886061953,
ERR1632937		10229820,886044712,73715573,
ERR1632938		886044712,
ERR1632939
ERR1632940
ERR1632941
ERR1632942		886044712,
ERR1632943	191456345,	387906371,1800079,886044712,
ERR1632944	371815480,	73715573,886044712,
ERR1632945
ERR1632946
ERR1632947		886044712,
ERR1632948		886044712,
ERR1632949
ERR1632950		886044712,
ERR1632951		886044712,
ERR1632952		76727851,886044712,
ERR1632953		886044712,
ERR1632954
ERR1632955
ERR1632956
ERR1632957		121908753,886044712,
ERR1632958
ERR1632959		10229820,55831234,73715573,886044712,
ERR1632960
ERR1632961		886061953,55831234,73715573,886044712,
ERR1632962		73715573,886044712,
ERR1632963
ERR1632964		73715573,886044712,
ERR1632965	371815480,	886044712,
ERR1632966		886044712,
ERR1632967
ERR1632968		886044712,
ERR1632969		73715573,886044712,
ERR1632970		10229820,73715573,886044712,
ERR1632971		886044712,73715573,
ERR1632972		73715573,886044712,
ERR1632973
ERR1632974
ERR1632975		73715573,
ERR1632976		73715573,886044712,
ERR1632977
ERR1632978
ERR1632979		886044712,
ERR1632980
ERR1632981
ERR1632982
ERR1632983		73715573,886044712,
ERR1632984		886044712,73715573,
ERR1632985
ERR1632986
ERR1632987		886044712,73715573,
ERR1632988		73715573,886044712,
ERR1632989		886044712,73715573,
ERR1632990
ERR1632991
ERR1632992
ERR1632993		886044712,73715573,
ERR1632994		886044712,
ERR1632995
ERR1632996		886044712,73715573,
ERR1632997
ERR1632998		397508137,886044712,55831234,1039221071,
ERR1632999		886044712,
ERR1633000		886044712,
ERR1633001	886061954,146818281,	180783619,397508691,886061953,55831234,73715573,886044712,
ERR1633002		886044712,
ERR1633003
ERR1633004		73715573,886044712,
ERR1633005		886044712,73715573,
ERR1633006		886044712,
ERR1633007	146818281,	180783619,886061953,886044712,
ERR1633008		73715573,886044712,
ERR1633009		73715573,886044712,
ERR1633010		886044712,
ERR1633011
ERR1633012		886044712,
ERR1633013		73715573,886044712,
ERR1633014		886044712,
ERR1633015
ERR1633016		886044712,
ERR1633017
ERR1633018
ERR1633019
ERR1633020
ERR1633021
ERR1633022
ERR1633023		886044712,
ERR1633024
ERR1633025
ERR1633026
ERR1633027
ERR1633028		73715573,886044712,
ERR1633029
ERR1633030		180783619,886061953,73715573,886044712,
ERR1633031
ERR1633032
ERR1633033
ERR1633034	886061954,10234329,146818281,	180783619,886061953,55831234,73715573,886044712,
ERR1633035		886044712,73715573,
ERR1633036
ERR1633037		886044712,73715573,
ERR1633038		55831234,73715573,886044712,
ERR1633039		886044712,
ERR1633040		886044712,
ERR1633041	371815480,146818281,	55831234,886044712,
ERR1633042
ERR1633043		73715573,886044712,
ERR1633044
ERR1633045		886044712,73715573,
ERR1633046		886044712,
ERR1633047
ERR1633048		886044712,73715573,
ERR1633049	371815480,146818281,	886061953,55831234,73715573,886044712,
ERR1633050	191456345,371815480,	121908753,387906371,143486492,1800085,55831234,138338446,397508169,397508165,121908804,
ERR1633051		73715573,886044712,
ERR1633052		886044712,73715573,
ERR1633053		75961395,1800079,397508165,55831234,73715573,397508801,76727851,121908753,143486492,397508137,121908772,146818281,886044712,
ERR1633054		73715573,886044712,
ERR1633055		886044712,73715573,
ERR1633056
ERR1633057
ERR1633058		886044712,73715573,
ERR1633059		10229820,73715573,886044712,
ERR1633060
ERR1633061
ERR1633062
ERR1633063
ERR1633064
ERR1633065
ERR1633066		886044712,73715573,
ERR1633067		886044712,55831234,
ERR1633068
ERR1633069		73715573,886044712,
ERR1633070		886044712,73715573,
ERR1633071		180783619,55831234,
ERR1633072		73715573,886044712,
ERR1633073		886044712,73715573,
ERR1633074		73715573,886044712,
ERR1633075
ERR1633076	146818281,	55831234,886044712,397508712,
ERR1633077		73715573,886044712,
ERR1633078		886044712,
ERR1633079
ERR1633080
ERR1633081		73715573,886044712,
ERR1633082
ERR1633083		886044712,73715573,
ERR1633084		886044712,73715573,
ERR1633085
ERR1633086
ERR1633087		73715573,886044712,
ERR1633088
ERR1633089
ERR1633090
ERR1633091		886044712,73715573,
ERR1633092
ERR1633093
ERR1633094
ERR1633095
ERR1633096
ERR1633097
ERR1633098
ERR1633099
ERR1633100		886044712,
ERR1633101
ERR1633102
ERR1633103		73715573,886044712,
ERR1633104		10229820,73715573,886044712,
ERR1633105
ERR1633106
ERR1633107		886044712,73715573,
ERR1633108
ERR1633109	886061954,146818281,	180783619,886061953,886044712,55831234,73715573,
ERR1633110		886044712,73715573,
ERR1633111		55831234,73715573,886044712,
ERR1633112
ERR1633113
ERR1633114		886044712,
ERR1633115		73715573,886044712,
ERR1633116
ERR1633117		886044712,
ERR1633118		886044712,
ERR1633119	886061954,146818281,	180783619,397508135,886061953,55831234,886044712,
ERR1633120
ERR1633121
ERR1633122
ERR1633123		886044712,
ERR1633124		73715573,
ERR1633125
ERR1633126
ERR1633127		886044712,
ERR1633128
ERR1633129		73715573,886044712,
ERR1633130		886044712,
ERR1633131
ERR1633132		886044712,73715573,
ERR1633133		886044712,
ERR1633134		55831234,
ERR1633135		886044712,
ERR1633136
ERR1633137
ERR1633138		886044712,
ERR1633139		886044712,
ERR1633140
ERR1633141
ERR1633142		886044712,
ERR1633143		886044712,73715573,
ERR1633144		73715573,10229820,886044712,
ERR1633145		886044712,55831234,73715573,
ERR1633146		73715573,886044712,
ERR1633147		73715573,886044712,
ERR1633148		886044712,
ERR1633149		10229820,73715573,886044712,
ERR1633150		10229820,886044712,73715573,
ERR1633151		10229820,73715573,886044712,
ERR1633152
ERR1633153		886044712,73715573,
ERR1633154		10229820,886044712,73715573,
ERR1633155		73715573,886044712,
ERR1633156		10229820,73715573,886044712,
ERR1633157		73715573,886044712,
ERR1633158		73715573,886044712,
ERR1633159		886044712,55831234,73715573,
ERR1633160		73715573,10229820,886044712,
ERR1633161		10229820,73715573,886044712,
ERR1633162		10229820,73715573,886044712,
ERR1633163		886044712,
ERR1633164		73715573,886044712,
ERR1633165		886044712,
ERR1633166		886044712,73715573,
ERR1633167		73715573,
ERR1633168		73715573,886044712,
ERR1633169		73715573,886044712,
ERR1633170		10229820,73715573,886044712,
ERR1633171		10229820,886044712,73715573,
ERR1633172		886044712,
ERR1633173
ERR1633174
ERR1633175		886044712,73715573,
ERR1633176		10229820,886044712,73715573,
ERR1633177
ERR1633178
ERR1633179		886044712,
ERR1633180
ERR1633181
ERR1633182		73715573,10229820,886044712,
ERR1633183	146818281,	180783619,73715573,886044712,
ERR1633184	886061954,146818281,	180783619,397508135,10229820,886061953,55831234,73715573,886044712,
ERR1633185		886044712,73715573,
ERR1633186	146818281,	886044712,
ERR1633187		10229820,886044712,73715573,
ERR1633188		886044712,73715573,
ERR1633189
ERR1633190		886044712,73715573,
ERR1633191		10229820,73715573,886044712,
ERR1633192		886044712,
ERR1633193		886044712,
ERR1633194
ERR1633195		73715573,886044712,
ERR1633196	886061954,146818281,	180783619,886044712,55831234,73715573,
ERR1633197		10229820,73715573,886044712,
ERR1633198		10229820,73715573,886044712,
ERR1633199
ERR1633200
ERR1633201		10229820,73715573,886044712,
ERR1633202		73715573,886044712,
ERR1633203		886044712,
ERR1633204
ERR1633205		73715573,886044712,
ERR1633206	146818281,	10229820,55831234,73715573,886044712,
ERR1633207		73715573,886044712,
ERR1633208		73715573,886044712,
ERR1633209		886044712,
ERR1633210
ERR1633211		73715573,886044712,
ERR1633212
ERR1633213
ERR1633214
ERR1633215		10229820,73715573,886044712,
ERR1633216		73715573,10229820,886044712,
ERR1633217
ERR1633218	371815480,146818281,17140308,	886061953,886044712,55831234,180783619,73715573,
ERR1633219
ERR1633220		73715573,10229820,886044712,
ERR1633221
ERR1633222		886044712,
ERR1633223
ERR1633224		886044712,
ERR1633225		886044712,73715573,
ERR1633226		10229820,73715573,886044712,
ERR1633227
ERR1633228		10229820,73715573,886044712,
ERR1633229	146818281,	73715573,886044712,
ERR1633230
ERR1633231
ERR1633232	371815480,886061954,146818281,	886061953,55831234,1800079,73715573,886044712,
ERR1633233		55831234,886044712,
ERR1633234		886044712,
ERR1633235
ERR1633236
ERR1633237		73715573,886044712,
ERR1633238		10229820,73715573,886044712,
ERR1633239	886061954,146818281,	397508691,10229820,397508165,55831234,73715573,121908753,143486492,121908804,1039221071,1057516970,180783619,397508135,886061953,886044712,
ERR1633240		10229820,73715573,886044712,
ERR1633241		73715573,886044712,
ERR1633242
ERR1633243
ERR1633244		10229820,886044712,73715573,
ERR1633245		73715573,886044712,
ERR1633246		73715573,886044712,
ERR1633247
ERR1633248		886044712,73715573,
ERR1633249		10229820,886044712,73715573,
ERR1633250		886044712,73715573,
ERR1633251		73715573,886044712,
ERR1633252		10229820,73715573,886044712,
ERR1633253		73715573,886044712,
ERR1633254	886061954,146818281,	55831234,73715573,886044712,
ERR1633255
ERR1633256		73715573,886044712,
ERR1633257		886044712,
ERR1633258		10229820,73715573,886044712,
ERR1633259		73715573,886044712,
ERR1633260
ERR1633261		10229820,886044712,73715573,
ERR1633262	397508461,146818281,	387906371,180783619,886061953,55831234,73715573,886044712,397508169,121908804,
ERR1633263
ERR1633264		73715573,10229820,886044712,
ERR1633265
ERR1633266		10229820,73715573,886044712,
ERR1633267
ERR1633268		73715573,886044712,
ERR1633269		10229820,886044712,73715573,
ERR1633270	191456345,371815480,886061954,146818281,	397508781,75961395,55831234,180783619,73715573,886044712,
ERR1633271
ERR1633272		886044712,
ERR1633273		10229820,886044712,73715573,
ERR1633274		886044712,73715573,
ERR1633275		73715573,886044712,
ERR1633276		73715573,886044712,
ERR1633277		886044712,73715573,
ERR1633278		10229820,886044712,73715573,
ERR1633279		73715573,886044712,
ERR1633280		73715573,10229820,886044712,
ERR1633281
ERR1633282		73715573,886044712,
ERR1633283
ERR1633284		10229820,73715573,886044712,
ERR1633285		886044712,
ERR1633286		10229820,886044712,73715573,
ERR1633287		10229820,73715573,886044712,
ERR1633288		10229820,73715573,886044712,
ERR1633289		73715573,10229820,886044712,
ERR1633290
ERR1633291		10229820,73715573,886044712,
ERR1633292
ERR1633293
ERR1633294		73715573,886044712,
ERR1633295		886044712,73715573,
ERR1633296		73715573,886044712,
ERR1633297		10229820,73715573,886044712,
ERR1633298		73715573,886044712,
ERR1633299
ERR1633300		73715573,886044712,
ERR1633301		10229820,73715573,886044712,
ERR1633302		886044712,73715573,
ERR1633303	886061954,146818281,	180783619,886061953,55831234,73715573,886044712,10229820,
ERR1633304
ERR1633305		886044712,73715573,
ERR1633306
ERR1633307
ERR1633308		10229820,73715573,886044712,
ERR1633309		73715573,886044712,
ERR1633310		10229820,73715573,886044712,
ERR1633311
ERR1633312		886044712,73715573,
ERR1633313
ERR1633314		73715573,10229820,886044712,
ERR1633315
ERR1633316		886044712,73715573,
ERR1633317
ERR1633318		10229820,73715573,886044712,
ERR1633319		10229820,73715573,886044712,
ERR1633320		10229820,886044712,73715573,
ERR1633321		10229820,73715573,886044712,
ERR1633322		886044712,73715573,
ERR1633323		73715573,886044712,
ERR1633324		73715573,886044712,
ERR1633325		73715573,10229820,886044712,
ERR1633326		10229820,73715573,886044712,
ERR1633327		73715573,886044712,
ERR1633328		10229820,73715573,886044712,
ERR1633329		886044712,73715573,
ERR1633330		1800079,55831234,73715573,180783619,886061953,886044712,
ERR1633331		10229820,73715573,886044712,
ERR1633332
ERR1633333		73715573,886044712,
ERR1633334		73715573,886044712,
ERR1633335	146818281,	180783619,886061953,55831234,76727851,73715573,886044712,
ERR1633336		10229820,73715573,886044712,
ERR1633337		73715573,886044712,
ERR1633338		10229820,886044712,73715573,
ERR1633339		886044712,73715573,
ERR1633340		10229820,73715573,886044712,
ERR1633341		886044712,73715573,
ERR1633342		10229820,73715573,886044712,
ERR1633343		886044712,
ERR1633344		886044712,73715573,
ERR1633345		886044712,73715573,
ERR1633346
ERR1633347		73715573,886044712,
ERR1633348		73715573,886044712,
ERR1633349
ERR1633350
ERR1633351		73715573,10229820,886044712,
ERR1633352		73715573,886044712,
ERR1633353		73715573,886044712,
ERR1633354		886044712,73715573,
ERR1633355		886044712,
ERR1633356		10229820,73715573,886044712,
ERR1633357		73715573,886044712,
ERR1633358		73715573,886044712,
ERR1633359		10229820,73715573,886044712,
ERR1633360
ERR1633361		73715573,10229820,886044712,
ERR1633362	371815480,886061954,146818281,	387906371,10229820,1800079,138338446,397508169,397508165,55831234,73715573,121908804,180783619,397508135,886061953,886044712,397508391,
ERR1633363		10229820,73715573,886044712,
ERR1633364		73715573,886044712,
ERR1633365
ERR1633366
ERR1633367		73715573,886044712,
ERR1633368		886044712,
ERR1633369		73715573,886044712,
ERR1633370		886044712,73715573,
ERR1633371		73715573,886044712,
ERR1633372		10229820,886044712,73715573,
ERR1633373		10229820,886044712,73715573,
ERR1633374
ERR1633375		73715573,886044712,
ERR1633376
ERR1633377		73715573,886044712,
ERR1633378		73715573,886044712,
ERR1633379
ERR1633380
ERR1633381		886044712,73715573,
ERR1633382
ERR1633383	371815480,886061954,10234329,146818281,	397508141,121908752,121908753,886061953,55831234,73715573,121908804,886044712,397508165,
ERR1633384		886044712,73715573,
ERR1633385		10229820,886044712,73715573,
ERR1633386		10229820,73715573,886044712,
ERR1633387
ERR1633388		73715573,886044712,
ERR1633389		73715573,10229820,886044712,
ERR1633390
ERR1633391		886044712,
ERR1633392		10229820,73715573,886044712,
ERR1633393		10229820,73715573,886044712,
ERR1633394		73715573,886044712,
ERR1633395		10229820,886044712,73715573,
ERR1633396		10229820,73715573,886044712,
ERR1633397		10229820,73715573,886044712,
ERR1633398		73715573,886044712,
ERR1633399		10229820,73715573,886044712,
ERR1633400		886044712,73715573,
ERR1633401		10229820,73715573,886044712,
ERR1633402
ERR1633403		73715573,886044712,
ERR1633404		73715573,10229820,886044712,
ERR1633405
ERR1633406
ERR1633407		10229820,886044712,73715573,
ERR1633408
ERR1633409		10229820,73715573,886044712,
ERR1633410		10229820,73715573,886044712,
ERR1633411		73715573,886044712,
ERR1633412		10229820,73715573,886044712,
ERR1633413		886044712,
ERR1633414		73715573,886044712,
ERR1633415		886044712,
ERR1633416
ERR1633417		73715573,10229820,886044712,
ERR1633418		73715573,10229820,886044712,
ERR1633419
ERR1633420		10229820,886044712,73715573,
ERR1633421
ERR1633422		10229820,886044712,73715573,
ERR1633423		10229820,886044712,73715573,
ERR1633424		73715573,10229820,886044712,
ERR1633425		886044712,73715573,
ERR1633426		73715573,886044712,
ERR1633427		886044712,
ERR1633428		73715573,886044712,
ERR1633429
ERR1633430
ERR1633431		73715573,10229820,886044712,
ERR1633432
ERR1633433
ERR1633434		886044712,
ERR1633435		10229820,73715573,886044712,
ERR1633436		886044712,73715573,
ERR1633437		73715573,886044712,
ERR1633438		10229820,73715573,886044712,
ERR1633439
ERR1633440		10229820,886044712,73715573,
ERR1633441		886044712,73715573,
ERR1633442		73715573,886044712,
ERR1633443	146818281,	387906371,121908772,10229820,1800079,397508169,397508165,55831234,73715573,121908753,1039221071,180783619,886061953,121908804,886044712,
ERR1633444		886044712,73715573,
ERR1633445		10229820,886044712,73715573,
ERR1633446		10229820,73715573,886044712,
ERR1633447		73715573,886044712,
ERR1633448		10229820,73715573,886044712,
ERR1633449		10229820,886044712,73715573,
ERR1633450
ERR1633451
ERR1633452		10229820,73715573,886044712,
ERR1633453	191456345,886061954,146818281,	180783619,75961395,10229820,886061953,55831234,73715573,1800079,886044712,397508165,121908804,
ERR1633454
ERR1633455		73715573,10229820,886044712,
ERR1633456		886044712,73715573,
ERR1633457	886061954,	10229820,55831234,73715573,886044712,
ERR1633458		10229820,73715573,886044712,
ERR1633459		10229820,73715573,886044712,
ERR1633460		73715573,886044712,
ERR1633461		73715573,886044712,
ERR1633462		10229820,73715573,886044712,
ERR1633463
ERR1633464		10229820,886044712,73715573,
ERR1633465		73715573,10229820,886044712,
ERR1633466		10229820,73715573,886044712,
ERR1633467		10229820,886044712,73715573,
ERR1633468	191456345,886061954,10234329,146818281,	10229820,121908753,180783619,397508691,886061953,886044712,55831234,1800079,73715573,
ERR1633469
ERR1633470		10229820,73715573,886044712,
ERR1633471
ERR1633472		73715573,886044712,
ERR1633473		886044712,
ERR1633474		10229820,73715573,886044712,
ERR1633475		73715573,10229820,886044712,
ERR1633476
ERR1633477		10229820,73715573,886044712,
ERR1633478		73715573,10229820,886044712,
ERR1633479		73715573,886044712,
ERR1633480		73715573,886044712,
ERR1633481
ERR1633482
ERR1633483
ERR1633484		73715573,886044712,
ERR1633485
ERR1633486
ERR1633487		886044712,
ERR1633488
ERR1633489		10229820,886044712,73715573,
ERR1633490		73715573,886044712,
ERR1633491
ERR1633492		10229820,73715573,886044712,
ERR1633493		10229820,886044712,73715573,
ERR1633494		10229820,73715573,886044712,
ERR1633495
ERR1633496		10229820,73715573,886044712,
ERR1633497		886044712,
ERR1633498		180783619,886044712,
ERR1633499		10229820,73715573,886044712,
ERR1633500		10229820,73715573,886044712,
ERR1633501		73715573,886044712,
ERR1633502		10229820,886044712,73715573,
ERR1633503		73715573,886044712,
ERR1633504		886044712,
ERR1633505		886044712,
ERR1633506		73715573,886044712,
ERR1633507		73715573,886044712,
ERR1633508		73715573,886044712,
ERR1633509
ERR1633510
ERR1633511
ERR1633512
ERR1633513		73715573,886044712,
ERR1633514		73715573,886044712,
ERR1633515		886044712,73715573,
ERR1633516		10229820,886044712,73715573,
ERR1633517		886044712,73715573,
ERR1633518		10229820,886044712,73715573,
ERR1633519
ERR1633520
ERR1633521
ERR1633522
ERR1633523
ERR1633524
ERR1633525
ERR1633526
